1;3S MOTORS;Akwa;DOUALA;;696068376;20/01/2020;CM403801;iWL220;IWL221-01T1387A;13274WL20937746;13274WL20937803;ORANGE;8923.7021.2051.2218.2324
2;3S MOTORS;Bonapriso;DOUALA;;;22/12/2020;CM403803;iWL220;IWL221-01T2194A;17073WL25889599;;ORANGE;8923,7021,4093,8428,7892
3;5 FOURCHETTES (MELAN'S SARL);Bonamoussadi;DOUALA;KRISHNA KOMAR GIOSAI;671345809;10/01/2020;CM839801;IWL220;IWL221-01T1387A;15290WL23650206;;ORANGE;8923,7022,0092,8046,6290
4;ADAMAOUA  GRAND HOTEL;NEW BELL;DOUALA;BAKENDJA;659450125;09/03/2020;CM841701;IWL220;IWL221-01T2194A;17072WL25889919;;ORANGE;8923,7022,0092,8046,6126
5;ADAMAOUA GRAND HOTEL;Akwa;DOUALA;DJIDJE MEDJE Chanceline;693610018;17/01/2020;CM841702;iWL220;IWL221-01T1387A;15290WL23650170;15279WL23597896;ORANGE;
6;ADC;Aeroport;DOUALA;ABENA Laurent;694861874;16/01/2020;CM404901;iWL220;IWL221-01T1387A;13274WL20937507;13275WL20937507;ORANGE;
7;ADC;NSIMALEN;YAOUNDE;NGAMBAN Pulcherie;699641942;06/02/2020;CM403201;IWL220;IWL221-01T1387A;15290WL23651779;14142WL21769034;ORANGE;8923.7021.4013.9314.3760
8;ADC;NSIMALEN;YAOUNDE;AYISSI MARIE;;06/02/2020;CM404902;IWL220;IWL221-01T1387A;13084WL20338393;12333WL61330629;ORANGE;8923.7021.4023.9112.1451
9;ADYS HOTEL PLAZA;PAIN GROUND CENTRE CLIMATIQUE;DSCHANG;KAMAYOU TAMBA CELESTIN;696252979;11/03/2021;CM854601;IWL220;IWL221-01T2194A;17073WL25896671;;NEXTTEL;8923.7040.0274.1669.9988
10;AFRICAN HOTEL DEV'T (ONOMO HOTEL);Bonanjo;DOUALA;ZUKO  OLIVIA;695000000;22/01/2020;CM849601;IWL220;IWL221-01T2194A;17073WL25896892;;ORANGE;8923,7022,0092,8046,6498
11;AFRICAN HOTEL DEV'T (ONOMO HOTEL);Bonanjo;DOUALA;ZUKO  OLIVIA;695000000;06/08/2020;CM849602;Move3500;TWE-31310403C;1,93157E+23;;ORANGE;8923.7021.8041.8052.4474
12;AFRICAN HOTEL DEV'T (ONOMO HOTEL);Bonanjo;DOUALA;ZUKO  OLIVIA;695000000;22/01/2020;CM849603;iWL220;IWL221-01T2194A;17073WL25896569;;ORANGE;8923,7022,0092,8046,6381
13;AFRICAN HOTEL DEV'T (ONOMO HOTEL);Bonanjo;DOUALA;ZUKO  OLIVIA;695000000;22/01/2020;CM849604;iCT220;ICT220-01T1073F;13226CT20738581;;ETHERNET;
14;AFRICAN SOUL MARKET;Bonapriso - Pres de Dominique Savio;DOUALA;;;21/12/2020;CM853701;iWL220;IWL221-01T2194A;17072WL25890022;;ORANGE;8923.7021.8042.8401.4471
15;AIGLE VOYAGE;AKWA;DOUALA;AJOUMESSI FRANCOIS;677053829;27/01/2020;CM403101;IWL220;IWL221-01T1387A;14135WL21746516;13274WL20937788;ORANGE;8923.7021.8041.8052.4474
16;AIGLE VOYAGE;CALAFATAS;YAOUNDE;;;23/01/2020;CM403102;IWL220;IWL221-01T1387A;13273WL20936327;13274WL20937810;ORANGE;8923.7021.2051.2218.2274
17;AIR 6 ( JEU DE MODE);NLONGKAK;YAOUNDE;DJAMPOU MARIUS;677765485;27/01/2020;CM842403;IWL220;IWL221-01T2194A;17072WL25889516;14139WL21755960;ORANGE;
18;AKOMART;Etoa Meki;YAOUNDE;MBANI ANGELE;677303889;21/01/2020;CM932001;IWL220;IWL221-01T1387A;16166WL24545663;15279WL23597793;ORANGE;8923.7021.4013.9314.3919
19;AKWA PALACE;Akwa;DOUALA;Akwa Palace;-;08/01/2020;CM834405;iWL220;IWL221-01T1387A;14142WL21768123;;ORANGE;8923.7021.3051.2058.8454
20;AKWA PALACE;Akwa;DOUALA;MENYE ELESSO J.W;693116558;30/01/2020;CM834406;iWL220;IWL221-01T2194A;17072WL25889880;;ORANGE;8923.7021.4023.9112.1345
21;AKWA PALACE;Akwa;DOUALA;MENYE ELESSO J.W;693116558;30/01/2020;CM834407;iWL220;IWL221-01T2194A;17072WL25890506;;ORANGE;8923.7021.4023.9112.1345
22;AKWA PALACE (Bistol);Akwa;DOUALA;MENYE ELESSO J.W;693116558;21/12/2019;CM001602;iWL220;IWL221-01T1387A;14142WL21768178;;ORANGE;8923.7021.2051.2101.2162
23;AKWA PALACE (Buffet);Akwa;DOUALA;MENYE ELESSO J.W;693116558;21/12/2019;CM834404;iWL220;IWL221-01T2194A;17073WL25896315;15279WL23597855;ORANGE;8923.7021.3051.2036.1732
24;AKWA PALACE (Reception)Akwa;Akwa;DOUALA;MENYE ELESSO J.W;693116558;21/12/2019;CM834401;iWL220;IWL221-01T1387A;12341WL61362939;15281WL23607277;NEXTTEL;8923.7040.0274.1669.5739
25;AKWA PALACE (Reception)Akwa;Akwa;DOUALA;MENYE ELESSO J.W;693116558;21/12/2019;CM834403;iCT220;ICT220-11T2221A;17145CT26498706;;ETHERNET;
26;ALDO (NEW PORT) AKWA;Akwa;DOUALA;Iliane TAHO;693667036;15/08/2020;CM106999;Move3500;TWE-31310403C;1,93227E+23;;ORANGE;8923,7021,3103,9019,9479
27;ALDO BALI;Bali;DOUALA;KOUOMOU Manuella;699594379;13/08/2020;CM816501;Move3500;TWE-31310403C;1,93237E+23;;ORANGE;8923,7022,0092,8046,6415
28;ALIMENTATION BON PRIX;BASTOS;YAOUNDE;MBOUBEYEWU Hilaire;699808733;22/01/2020;CM305901;IWL220;IWL221-01T1387A;16211WL24752768;15279WL23597766;ORANGE;8923.7021.2051.2101.0252
29;ALLIANZ  ;BONANJO;DOUALA;TKEYEMB RACHEL;695198945;05/02/2020;CM399901;IWL220;IWL221-01T1387A;16209WL24743167;14235WL22060231;ORANGE;8923,7021,3103,9019,9487
30;ALLIANZ YAOUNDE;RADIO;YAOUNDE;MAKOUBE YVES;222209688;23/01/2020;CM499901;IWL220;IWL221-01T1387A;15290WL23650027;15279WL23597460;ORANGE;8923.7021.4023.9112.1329
31;AMBASSADE DE CHINE;BASTOS;YAOUNDE;;;31/01/2020;CM892401;IWL220;IWL221-01T1387A;16211WL24751930;;ORANGE;8923.7021.2051.2143.6322
32;AMBASSADE DE CHINE;BASTOS;YAOUNDE;;;31/01/2020;CM892402;ICT220;ICT220-01T1073F;13226CT20738990;;ETHERNET;
33;APE  DOMINIQUE SAVIO;BONAPRISO;DOUALA;;654768272;27/01/2020;CM306901;IWL220;IWL221-01T1387A;15150WL23097159;15151WL23071320;ORANGE;8923.7021.4013.9314.3952
34;ARMANI CAFE (THE LODGE RESTAURANT);BASTOS;YAOUNDE;MANGA FRANCKY;698380223;26/09/2020;CM851101;Move3500;TWE31310403C;1,93237E+23;;SIERRA;8933.2401.0000.0374.4030
35;ARNO AKWA;Akwa;DOUALA;Mme TAGNE;677725410;17/08/2020;CM103501;Move3500;TWE31310403C;1,93237E+23;;ORANGE;8923,7022,0092,8046,6134
36;ARNO AKWA;Akwa;DOUALA;Mme TAGNE;677725410;17/08/2020;CM103502;Move3500;TWE31310403C;1,93237E+23;;ORANGE;8923,7022,0092,8046,6464
37;ARNO YAOUNDE;SOLEIL;YAOUNDE;RAMAROTACIKA;222224326;12/08/2020;CM103503;Move3500;TWE31310403C;1,93227E+23;;SIERRA;8933.2401.0000.1811.9046
38;Atelier de Francine lenteu;Bonamoussadi;DOUALA;KEUNGUE Nelly;672576064;13/01/2020;CM848801;iWL220;IWL221-01T2194A;17072WL25889840;;ORANGE;
39;ATELIER DU VIN;AKWA;DOUALA;;699180368;04/02/2020;CM845501;IWL220;IWL221-01T2194A;17072WL25889874;;ORANGE;8923,7021,4093,8552,0986
40;ATLANTIC BEACH HOTEL;Limbe;LIMBE;EMOCK ETUC Didier;696869181;11/01/2020;CM838101;iWL220;IWL221-01T2194A;17072WL25889908;;ORANGE;8923,7022,0092,8046,6926
41;ATLANTIS;BONANJO;DOUALA;MASODA SHARON;657507028;30/01/2020;CM007701;IWL220;IWL221-01T1387A;13274WL20937511;15281WL23605167;ORANGE;8923.7021.4013.9314.3602
42;ATLANTIS;BONAPRISO;DOUALA;FEUMBA CARELLE;696093574;24/01/2020;CM007702;IWL220;IWL221-01T1387A;16209WL24743884;14140WL21757641;ORANGE;8923.7021.3051.2058.8272
43;ATMOSPHERES BESSEKE;BESSEKE;DOUALA;NGONGO ELISE;650363770;05/02/2020;CM894001;IWL220;IWL221-01T1387A;16209WL24743676;16209WL2474068;ORANGE;8923,7021,8041,8052,4318
44;ATMOSPHERES BONAPRISO;BONAPRISO;DOUALA;TIKI MARTINE;699098978;18/08/2020;CM894002;Move3500;TWE31310403C;1,93237E+23;;SIERRA;8933.2401.0000.0622.1077
45;ATRIUM BARRIERE;BARRIERE;YAOUNDE;TEZING CLEMENCE;694143529;13/08/2020;CM816709;Move3500;TWE31310403C;1,93237E+23;;SIERRA;8933.2401.0000.1811.9053
46;ATRIUM BESSEKE;Besseke;DOUALA;JAZET Genevieve;696068376;15/08/2020;CM816701;Move3500;TWE-31310403C;1,93237E+23;;ORANGE;8923,7022,0092,8046,6100
47;ATRIUM BESSEKE;Besseke;DOUALA;JAZET Genevieve;696068376;15/08/2020;CM816704;Move3500;TWE31310403C;1,93237E+23;;ORANGE;8923,7022,0092,8046,6217
48;ATRIUM BESSEKE;Besseke;DOUALA;JAZET Genevieve;696068376;15/08/2020;CM816705;Move3500;TWE31310403C;1,93237E+23;;ORANGE;8923,7022,0092,8046,6373
49;ATRIUM BESSEKE;Besseke;DOUALA;JAZET Genevieve;696068376;20/01/2020;CM816706;iCT220;ICT220-11T2221A;17145CT26499073;;ORANGE;8923,7022,0092,8046,6282
50;ATRIUM BESSEKE;Besseke;DOUALA;JAZET Genevieve;696068376;15/08/2020;CM816711;Move3500;TWE31310403C;1,93237E+23;;BICS;8932.0410.0300.0109.7978
51;ATRIUM EMANA;EMANA;YAOUNDE;NGASSOM JEPUTE;697336196;13/08/2020;CM816708;Move3500;TWE31310403C;1,93237E+23;;SIERRA;8933.2401.0000.1812.0325
52;ATRIUM ODZA;ODZA;YAOUNDE;RITESH GURNANI;650707073;13/08/2020;CM816707;Move3500;TWE31310403C;1,93237E+23;;SIERRA;8933.2401.0000.1812.0358
53;ATRIUM PK11;PK11;DOUALA;JAZET Genevieve;696068376;15/08/2020;CM816710;Move3500;TWE31310403C;1,93227E+23;;BICS;8932.0410.0300.0109.1641
54;AU FIN GOURMET;Bonapriso;DOUALA;FREDERIQUE KEMACHIN;675292904;24/12/2020;CM853601;iWL220;IWL221-01T2194A;17073WL25896522;;ORANGE;8923.7021.2051.2102.2225
55;AXA ASSURANCE;Akwa;DOUALA;;;30/01/2020;CM307301;IWL220;IWL221-01T1387A;15290WL23649659;13275WL20943914;ORANGE;8923,7022,0092,8046,6118
56;BACKSTAGE;BASTOS;YAOUNDE;HERVE LAMY;698909948;22/01/2020;CM849101;IWL220;IWL221-01T2194A;17072WL25889661;15279WL23597703;ORANGE;8923.7021.4023.9112.1477
57;BALLY SUISSE (BAO BOUTIQUE);ELIG ESSONO;YAOUNDE;DIEUMO DAVID;654843415;21/01/2020;CM520001;IWL220;IWL221-01T1387A;16209WL24743561;13275WL20940193;ORANGE;8923.7021.4013.9314.3646
58;BAO (Cash & Carry);Saint Michel;DOUALA;Oumarou Emmanuel;695259266;04/01/2020;CM840601;iCT220;ICT220-11T2221A;17145CT26498075;;ORANGE;8923,7022,0092,8046,6076
59;BAO (Cash & Carry);Saint Michel;DOUALA;Oumarou Emmanuel;695259266;04/01/2020;CM840602;iCT220;ICT220-11T2221A;17145CT26498070;;ORANGE;8923,7022,0092,8046,6035
60;BAO (Cash & Carry);Saint Michel;DOUALA;Oumarou Emmanuel;695259266;04/01/2020;CM840603;iCT220;ICT220-11T2221A;17145CT26498097;;ORANGE;
61;BAO (Cash & Carry);Saint Michel;DOUALA;Oumarou Emmanuel;695259266;04/01/2020;CM840604;iCT220;ICT220-11T2221A;17145CT26497761;;ORANGE;8923,7022,0092,8046,6050
62;BAO (Cash & Carry);Saint Michel;DOUALA;Oumarou Emmanuel;695259266;04/01/2020;CM840605;iCT220;ICT220-11T2221A;17145CT26497737;;ORANGE;8923,7022,0092,8046,6027
63;BAO (Cash & Carry);Saint Michel;DOUALA;Oumarou Emmanuel;695259266;04/01/2020;CM840606;iCT220;ICT220-11T2221A;17145CT26498924;;ORANGE;8923,7022,0092,8046,6084
64;BAO (Cash & Carry);Saint Michel;DOUALA;Oumarou Emmanuel;695259266;26/08/2020;CM840607;Move3500;TWE-31310403C;1,93237E+23;;ORANGE;
65;BAO (Cash & Carry);Saint Michel;DOUALA;Oumarou Emmanuel;695259266;15/08/2020;CM840608;Move3500;TWE31310403C;1,93237E+23;;SIERRA;8933.2401.0000.0374.4337
66;BAO (Cash & Carry);Saint Michel;DOUALA;Oumarou Emmanuel;695259266;15/08/2020;CM840609;Move3500;TWE31310403C;1,93237E+23;;BICS;8932.0410.0300.0109.7820
67;BAO (Cash & Carry);Saint Michel;DOUALA;Oumarou Emmanuel;695259266;15/08/2020;CM840610;Move3500;TWE31310403C;1,93227E+23;;ORANGE;8923,7022,0092,8046,6043
68;BAO (Cash & Carry);Saint Michel;DOUALA;Oumarou Emmanuel;695259266;15/08/2020;CM840611;Move3500;TWE31310403C;1,93237E+23;;BICS;8932.0410.0300.0109.7796
69;BAO (Cash & Carry) PK9;PK9;DOUALA;;;03/08/2020;CM840612;Move3500;TWE31310403C;1,93237E+23;;ORANGE;8923,7022,0092,8046,6233
70;BAO (Cash & Carry) PK9;PK9;DOUALA;;;03/08/2020;CM840613;Move3500;TWE31310403C;1,93237E+23;;ORANGE;8923,7022,0092,8046,6159
71;BATIRAMA;MVAN;YAOUNDE;JOSEPH;;15/01/2020;CM303703;IWL220;IWL221-01T1387A;12341WL61352789;14142WL21769044;ORANGE;8923.7021.0512.1010.229
72;BCL CENTRAGEL;BASTOS;YAOUNDE;TSONGA Laurentine;222208478;11/08/2020;CM420002;Move3500;TWE31310403C;1,93157E+23;;ORANGE;8923.7021.2051.2101.0195
73;BELL OPTIQUE;BONANJO;DOUALA;B.CLAIRE;698801492;03/02/2020;CM772001;IWL220;IWL221-01T1387A;13274WL20937470;15279WL23597927;ORANGE;8923.7021.4093.8428.7249
74;BLACK & DIAMOND;BONAPRISO;DOUALA;EBAKISSE REINE;655155330;24/01/2020;CM836401;IWL220;IWL221-01T2194A;17072WL25889955;;ORANGE;
75;BOLD LAB;BASTOS;YAOUNDE;BALENLA JOSEPHINE;694632204;16/01/2020;CM838401;IWL220;IWL221-01T2194A;17072WL25899731;15279WL23597723;ORANGE;8923.7021.2051.2101.0322
76;BOLD&LBB SAS;BONAPRISO;DOUALA;AZANGUE MIREILLE;698999901;13/02/2020;CM817001;iWL220;IWL221-01T1387A;13274WL20936989;15279WL23597886;ORANGE;8923,7022,0092,8046,6266
77;BOMBAY MASSALA;Bonapriso;DOUALA;-;652188658;15/01/2020;CM203001;iWL220;IWL221-01T1387A;16209WL24743529;14281WL22218965;ORANGE;8923.7021.4013.9314.3943
78;BOULANGERIE DU PEUPLE;BAFOUSSAM;BAFOUSSAM;FOTSING FELIX;698505515;06/03/2020;CM843601;IWL220;IWL221-01T2194A;17072WL25889576;;ORANGE;8923.7021.8041.8052.4235
79;BOULANGERIE FONTANA;NKOMO;YAOUNDE;EBOUGUE JEAN;694157535;06/02/2020;CM206301;IWL220;IWL221-01T1387A;14221WL22015203;14140WL21757693;ORANGE;8923.7021.4023.9112.1469
80;BOULANGERIE ST PAUL;MARCHE MISSOKE;DOUALA;DONTSA BLANCHE;699724230;19/04/2021;CM855001;IWL220;IWL221-01T1387A;16166WL24545979;;ORANGE;8923.7021.4093.8428.7736
81;BRIOCHE DOREE;BONAMOUSSADI;DOUALA;-;233477203;13/01/2020;CM838801;iCT220;ICT220-11T2221A;17145CT26499183;;ORANGE;
82;BRIOCHE DOREE (COIN GOURMAND);BONAMOUSSADI;DOUALA;POAKA;;28/02/2020;CM838802;Move3500;TWE-31310403C;1,93237E+23;;NEXTTEL;8923.7040.0274.1669.5689
83;BRULERIE MODERNE DOUALA;Bonapriso;DOUALA;-;655065155;15/01/2020;CM301401;iWL220;IWL221-01T1387A;14050WL21437929;15279WL23597458;ORANGE;8923,7021,6021,8644,2075
84;BRULERIE MODERNE YAOUNDE;Cente ville (Hilton);YAOUNDE;GHACHIKET Rachidetou;697673987;18/08/2020;CM301402;Move3500;TWE-31310403C;1,93237E+23;;SIERRA;8933.2401.0000.0374.4246
85;BVS AKWA;Paris Dancing - Akwa;DOUALA;;;22/12/2020;CM849003;iWL220;IWL221-01T1387A;16139WL24420750;;ORANGE;8923.7021.2051.2143.6333
86;BVS AKWA;Paris Dancing - Akwa;DOUALA;;;22/01/2021;CM849004;iWL220;IWL221-01T1387A;16209WL24744225;;ORANGE;8923.7021.4093.8428.7751
87;BVS DISTRIBUTION DOUALA;SAINT MICHEL;DOUALA;;695997754;12/08/2020;CM849002;Move3500;TWE-31310403C;1,93237E+23;;NEXTTEL;8923.7040.0274.1669.5721
88;BVS DISTRIBUTION YAOUNDE;OMNISPORT;YAOUNDE;BOUCHE PELAGIE;;13/08/2020;CM849001;Move3500;TWE-31310403C;1,93237E+23;;SIERRA;8933.2401.0000.1811.8998
89;CAMDA (CARREFOUR DOUALA);Bonamoussadi;DOUALA;;;07/01/2020;CM837301;iCT220;ICT220-01T1073F;13226CT20738051;;ETHERNET;
90;CAMDA (CARREFOUR DOUALA);Bonamoussadi;DOUALA;Mystere INISSOUK;691862568;23/12/2019;CM837302;iCT220;ICT220-11T2221A;17145CT26499054;;ETHERNET;
91;CAMDA (CARREFOUR DOUALA);Bonamoussadi;DOUALA;Mystere INISSOUK;693896444;23/12/2019;CM837303;iCT220;ICT220-11T2221A;17145CT26498802;;ETHERNET;
92;CAMDA (CARREFOUR DOUALA);Bonamoussadi;DOUALA;Mystere INISSOUK;693896444;23/12/2019;CM837304;iCT220;ICT220-11T2221A;17145CT26498918;;ETHERNET;
93;CAMDA (CARREFOUR DOUALA);Bonamoussadi;DOUALA;Mystere INISSOUK;691862568;23/12/2019;CM837305;iCT220;ICT220-11T2221A;17145CT26498144;;ETHERNET;
94;CAMDA (CARREFOUR DOUALA);Bonamoussadi;DOUALA;Mystere INISSOUK;691862568;23/12/2019;CM837306;iCT220;ICT220-11T2221A;17145CT26497737;;ETHERNET;
95;CAMDA (CARREFOUR DOUALA);Bonamoussadi;DOUALA;EPOUNAE Carole;696193351;07/01/2020;CM837307;iCT220;ICT220-11T2221A;17145CT26497616;;ETHERNET/ORANGE;8923.7021.4023.9165.0830
96;CAMDA (CARREFOUR DOUALA);Bonamoussadi;DOUALA;;;07/01/2020;CM837308;iCT220;ICT220-01T1073F;13226CT20738089;;ETHERNET;
97;CAMDA (CARREFOUR DOUALA);Bonamoussadi;DOUALA;EPOUNAE Carole;696193351;07/01/2020;CM837309;iCT220;ICT220-11T2221A;17145CT26498874;;ORANGE;8923.7021.7023.1957.1710
98;CAMDA (CARREFOUR DOUALA);Bonamoussadi;DOUALA;;;07/01/2020;CM837309;iCT220;ICT220-01T2179F;15135CT23686889;;ETHERNET;
99;CAMDA (CARREFOUR DOUALA);Bonamoussadi;DOUALA;EPOUNAE Carole;696193351;28/10/2020;CM837310;Move3500;TWE-31310403C;1,93237E+23;;WIFI;
100;CAMDA (CARREFOUR DOUALA);Bonamoussadi;DOUALA;Mystere INISSOUK;693896444;23/12/2019;CM837311;iCT220;ICT220-11T2221A;17145CT26498031;;ETHERNET/ORANGE;8923.7021.7023.8195.7735
101;CAMDA (CARREFOUR DOUALA);Bonamoussadi;DOUALA;EPOUNAE Carole;696193351;07/01/2020;CM837312;iCT220;ICT220-11T2221A;17145CT26498815;;EHTERNET;8933.2401.0000.0330.1757
102;CAMDA (CARREFOUR DOUALA);Bonamoussadi;DOUALA;Mystere INISSOUK;691862568;23/12/2019;CM837313;iCT220;ICT220-11T2221A;17145CT26499200;;ETHERNET;
103;CAMDA (CARREFOUR DOUALA);Bonamoussadi;DOUALA;Mystere INISSOUK;693896444;28/10/2020;CM837314;Move3500;TWE-31310403C;1,93237E+23;;WIFI;
104;CAMDA (CARREFOUR DOUALA);BONAMOUSSADI;DOUALA;;;19/03/2020;CM837316;iCT220;ICT220-11T2221A;17145CT26498067;;ETHERNET/NEXTTEL;8923.7040.0274.1669.9475
105;CAMDA (CARREFOUR DOUALA);Bonamoussadi;DOUALA;Mystere INISSOUK;693896444;28/10/2020;CM837315;Move3500;TWE-31310403C;1,93237E+23;;WIFI;
106;CAMDA (CARREFOUR YAOUNDE);EKIE;YAOUNDE;;;17/01/2020;CM850201;ICT220;ICT220-11T2221A;17145CT26499026;;ETHERNET;
107;CAMDA (CARREFOUR YAOUNDE);EKIE;YAOUNDE;;;17/01/2020;CM850202;ICT220;ICT220-01T1073F;13226CT20738645;;SIERRA;8933.2401.0000.0374.4378
108;CAMDA (CARREFOUR YAOUNDE);EKIE;YAOUNDE;;;17/01/2020;CM850203;ICT220;ICT220-11T2221A;17145CT26498600;;ETHERNET;
109;CAMDA (CARREFOUR YAOUNDE);EKIE;YAOUNDE;;;17/01/2020;CM850204;ICT220;ICT220-11T2221A;17145CT26498049;;ETHERNET;
110;CAMDA (CARREFOUR YAOUNDE);EKIE;YAOUNDE;;;17/01/2020;CM850205;ICT220;ICT220-11T2221A;17145CT26498034;;ETHERNET;
111;CAMDA (CARREFOUR YAOUNDE);EKIE;YAOUNDE;;;17/01/2020;CM850206;ICT220;ICT220-01T1073F;13226CT20738044;;ETHERNET;
112;CAMDA (CARREFOUR YAOUNDE);EKIE;YAOUNDE;;;15/01/2021;CM850207;Move3500;TWE-31310403C;1,93227E+23;;WIFI;
113;CAMDA (CARREFOUR YAOUNDE);EKIE;YAOUNDE;;;17/01/2020;CM850208;ICT220;ICT220-11T2221A;17145CT26499055;;ETHERNET;
114;CAMDA (CARREFOUR YAOUNDE);EKIE;YAOUNDE;;;17/01/2020;CM850209;ICT220;ICT220-01T1073F;13226CT20736938;;ETHERNET;
115;CAMDA (CARREFOUR YAOUNDE);EKIE;YAOUNDE;;;17/01/2020;CM850210;ICT220;ICT220-01T1073F;13226CT20737260;;ETHERNET;
116;CAMDA (CARREFOUR YAOUNDE);EKIE;YAOUNDE;;;17/01/2020;CM850211;ICT220;ICT220-01T1073F;13226CT20738575;;ETHERNET;
117;CAMDA (CARREFOUR YAOUNDE);EKIE;YAOUNDE;;;17/01/2020;CM850212;ICT220;ICT220-01T1073F;13226CT20738591;;ETHERNET;
118;CAMDA (CARREFOUR YAOUNDE);EKIE;YAOUNDE;;;17/01/2020;CM850213;ICT220;ICT220-01T1073F;13226CT20737116;;ETHERNET;
119;CAMDA AKWA;Dalip - Akwa;DOUALA;DEMEZ LUC;699365817;17/12/2020;CM853801;iWL220;IWL221-01T1387A;16211WL24751252;;ORANGE;8923.7021.7023.8195.6869
120;CAMDA AKWA;Dalip - Akwa;DOUALA;DEMEZ LUC;699365817;17/12/2020;CM853802;iWL220;IWL221-01T1387A;15290WL23649580;;ORANGE;8923.7021.7023.8195.6299
121;CAMDA AKWA;Dalip - Akwa;DOUALA;DEMEZ LUC;699365817;18/01/2021;CM853803;iWL220;IWL221-01T1387A;16209WL24743201;;ORANGE;
122;CAMDA AKWA;Dalip - Akwa;DOUALA;DEMEZ LUC;699365817;18/01/2021;CM853804;iWL220;IWL221-01T1387A;13084WL20338352;;ORANGE;
123;CAMDA AKWA;Dalip - Akwa;DOUALA;DEMEZ LUC;699365817;18/01/2021;CM853805;iWL220;IWL221-01T1387A;15290WL23649548;;ORANGE;8923.7021.7023.8195.6851
124;CAMDA AKWA;Dalip - Akwa;DOUALA;DEMEZ LUC;699365817;18/01/2021;CM853806;iWL220;IWL221-01T2194A;17073WL25896616;;ORANGE;
125;CAMDA AKWA;Dalip - Akwa;DOUALA;DEMEZ LUC;699365817;18/01/2021;CM853807;iWL220;IWL221-01T1387A;16209WL24744369;;ORANGE;
126;CAMTEL (AGENCE NKONGSAMBA);NKONGSAMBA;NKONGSAMBA;NDIMA;242022817;06/03/2020;CM812301;IWL220;;;;ORANGE;
127;CAMTEL AKWA (DLA ENTREPRISE 0);AKWA;DOUALA;NTOUNGWA DORISSE;243137860;27/01/2020;CM816001;IWL220;IWL221-01T1387A;12341WL61352887;15279WL23597882;ORANGE;8923.7021.4093.8428.7942
128;CAMTEL AKWA (DLA ENTREPRISE 1);AKWA;DOUALA;NTOUNGWA DORISSE;243137860;27/01/2020;CM816101;IWL220;IWL221-01T2194A;17072WL25890017;13274WL20937801;ORANGE;8923.7021.7042.8317.0227
129;CAMTEL BIYEMASSI;BIYEMASSI;YAOUNDE;TABI SANDRINE;222317783;30/01/2020;CM813501;IWL220;IWL221-01T1387A;13274WL20937002;14142WL21769135;ORANGE;8923.7021.7042.8317.0268
130;CAMTEL CTPHONE;Boulevard 20 mai;YAOUNDE;MENI ASSOUM;;29/01/2020;CM813701;IWL220;IWL221-01T1387A;14142WL21768176;14232WL22049830;ORANGE;8923.7021.5043.9692.4605
131;CAMTEL JAMOT;DRAGAGE;YAOUNDE;KOURYANA;243250739;13/02/2020;CM813901;IWL220;IWL221-01T1387A;14142WL21768216;14232WL22049998;ORANGE;8923.7021.5043.9692.4801
132;CAMTEL MVAN;MVAN;YAOUNDE;EBOUTOU SEGY;243026424;15/01/2020;CM814201;IWL220;IWL221-01T1387A;14241WL22076233;;ORANGE;8923.7021.5043.9692.4779
133;CAMTEL NGOUSSO;NGOUSSO;YAOUNDE;MISSONGUI;;28/01/2020;CM814301;IWL220;IWL221-01T1387A;13273WL20936356;13274WL20937774;ORANGE;8923.7021.5043.9692.4761
134;CAMTEL NKOLBISSON;NKOLBISSON;YAOUNDE;MBAZOA VIVIANE;;31/01/2020;CM814401;IWL220;IWL221-01T1387A;13274WL20937575;14235WL22060441;ORANGE;8923.7021.5043.9692.4753
135;CAMTEL NKOMO;NKOMO;YAOUNDE;NNOH JEANNE;222304319;06/02/2020;CM814501;IWL220;IWL221-01T1387A;13084WL20338387;13274WL20937819;ORANGE;8923.7021.5043.9692.4746
136;CANAL PLUS;AKWA;DOUALA;SEUKAP JUDITH;696124429;27/01/2020;CM580001;IWL220;IWL221-01T1387A;14241WL22076216;14139WL21756389;ORANGE;8923.7021.4013.8382.5911
137;CANAL PLUS;Bonamoussadi;DOUALA;ABEKE Niquése;699521178;13/01/2020;CM580002;iWL220;IWL221-01T2194A;17072WL25890043;;BICS;8932.0410.0300.0109.8406
138;CANAL PLUS;Bonaberi (Ancienne route);DOUALA;;694210907;07/01/2020;CM580003;iWL220;IWL221-01T2194A;17073WL25896610;;ORANGE;
139;CANAL PLUS;MARCHE Central;YAOUNDE;DJIKE LYNDA;696672949;24/01/2020;CM590001;IWL220;IWL221-01T1387A;14130WL21726075;15281WL23607303;ORANGE;8923.7021.4013.9382.5903
140;CARAIB SUD ( SAINT GERMAIN);BONAPRISO;DOUALA;DJOOH SOSSO;;27/01/2020;CM722101;IWL220;IWL221-01T1387A;16212WL2472010;15328WL23794582;ORANGE;8923.7021.2051.2101.2118
141;CARREFOUR GRAND MALL;ZONE AEROPORT;DOUALA;LUC DEMEZ;699365817;16/11/2020;CM852901;Move3500;TWE-31310403C;1,93237E+23;;WIFI/SIERRA;8933.2401.0000.1812.0796
142;CARREFOUR GRAND MALL;ZONE AEROPORT;DOUALA;LUC DEMEZ;699365817;16/11/2020;CM852902;Move3500;TWE-31310403C;1,93157E+23;;WIFI/SIERRA;8933.2401.0000.1812.0770
143;CARREFOUR GRAND MALL;ZONE AEROPORT;DOUALA;LUC DEMEZ;699365817;16/11/2020;CM852903;Move3500;TWE-31310403C;1,93227E+23;;WIFI/SIERRA;8933.2401.0000.1812.0507
144;CARREFOUR GRAND MALL;ZONE AEROPORT;DOUALA;LUC DEMEZ;699365817;16/11/2020;CM852904;Move3500;TWE-31310403C;1,93227E+23;;WIFI/SIERRA;8933.2401.0000.1812.0499
145;CARREFOUR GRAND MALL;ZONE AEROPORT;DOUALA;LUC DEMEZ;699365817;16/11/2020;CM852905;Move3500;TWE-31310403C;1,93237E+23;;WIFI/SIERRA;8933.2401.0000.1812.0457
146;CARREFOUR GRAND MALL;ZONE AEROPORT;DOUALA;LUC DEMEZ;699365817;16/11/2020;CM852906;Move3500;TWE-31310403C;1,93237E+23;;WIFI/SIERRA;8933.2401.0000.1812.0432
147;CARREFOUR GRAND MALL;ZONE AEROPORT;DOUALA;LUC DEMEZ;699365817;16/11/2020;CM852907;Move3500;TWE-31310403C;1,93227E+23;;WIFI/SIERRA;8933.2401.0000.1812.0804
148;CARREFOUR GRAND MALL;ZONE AEROPORT;DOUALA;LUC DEMEZ;699365817;16/11/2020;CM852908;Move3500;TWE-31310403C;1,93237E+23;;WIFI/SIERRA;8933.2401.0000.1812.0929
149;CARREFOUR GRAND MALL;ZONE AEROPORT;DOUALA;LUC DEMEZ;699365817;16/11/2020;CM852909;Move3500;TWE-31310403C;1,93237E+23;;WIFI/SIERRA;8933.2401.0000.1812.0911
150;CARREFOUR GRAND MALL;ZONE AEROPORT;DOUALA;LUC DEMEZ;699365817;16/11/2020;CM852910;Move3500;TWE-31310403C;1,93227E+23;;WIFI/SIERRA;8933.2401.0000.1812.0903
151;CARREFOUR GRAND MALL;ZONE AEROPORT;DOUALA;LUC DEMEZ;699365817;16/11/2020;CM852911;Move3500;TWE-31310403C;1,93227E+23;;WIFI/SIERRA;8933.2401.0000.1812.0879
152;CARREFOUR GRAND MALL;ZONE AEROPORT;DOUALA;LUC DEMEZ;699365817;16/11/2020;CM852912;Move3500;TWE-31310403C;1,93227E+23;;WIFI/SIERRA;8933.2401.0000.1812.0861
153;CARREFOUR GRAND MALL;ZONE AEROPORT;DOUALA;LUC DEMEZ;699365817;16/11/2020;CM852913;Move3500;TWE-31310403C;1,93227E+23;;WIFI/SIERRA;8933.2401.0000.1812.0853
154;CARREFOUR GRAND MALL;ZONE AEROPORT;DOUALA;LUC DEMEZ;699365817;16/11/2020;CM852914;Move3500;TWE-31310403C;1,93157E+23;;WIFI/SIERRA;8933.2401.0000.1812.0846
155;CASINO BASTOS;Bastos;YAOUNDE;ELIDE LEMDJOU;222201721;07/08/2020;CM400103;Move3500;TWE31310403C;1,93237E+23;;ORANGE;8923.7021.4013.8428.5912
156;CASINO BASTOS;Bastos;YAOUNDE;ELIDE LEMDJOU;222201721;07/08/2020;CM400102;Move3500;TWE31310403C;1,93237E+23;;ORANGE;8923.7021.4013.8428.6645
157;CASINO BONAPRISO;Bonapriso;DOUALA;TCHEKANGWA Christine;697042061;06/08/2020;CM301201;Move3500;TWE31310403C;1,93237E+23;;ORANGE;8923,7022,0092,8046,6423
158;CASINO BONAPRISO;Bonapriso;DOUALA;TCHEKANGWA Christine;697042061;06/08/2020;CM301202;Move3500;TWE31310403C;1,93237E+23;;NEXTTEL;8923.7040.0274.1669.9749
159;CASINO BONAPRISO;Bonapriso;DOUALA;TCHEKANGWA Christine;697042061;06/08/2020;CM301203;Move3500;TWE31310403C;1,93237E+23;;ORANGE;8923,7022,0092,8046,6332
160;CASINO BONAPRISO;Bonapriso;DOUALA;TCHEKANGWA Christine;697042061;06/08/2020;CM301204;Move3500;TWE31310403C;1,93157E+23;;ORANGE;8923,7022,0092,8046,6316
161;CASINO BONAPRISO;Bonapriso;DOUALA;TCHEKANGWA Christine;697042061;06/08/2020;CM301205;Move3500;TWE31310403C;1,93237E+23;;ORANGE;8923,7022,0092,8046,6324
162;CASINO BONAPRISO;Bonapriso;DOUALA;TCHEKANGWA Christine;697042061;06/08/2020;CM301206;Move3500;TWE31310403C;1,93237E+23;;ORANGE;8923,7022,0092,8046,6357
163;CASINO BONAPRISO;Bonapriso;DOUALA;FOUEFACK Yvonne;233427040;06/08/2020;CM301207;Move3500;TWE31310403C;1,93237E+23;;ORANGE;8923,7022,0092,8046,6340
164;CASINO POSTE CENTRALE;Poste Centrale;YAOUNDE;NGO Marie;699434066;07/08/2020;CM300102;Move3500;TWE31310403C;1,93237E+23;;ORANGE;8923.7021.7023.8195.6158
165;CASINO POSTE CENTRALE;Poste Centrale;YAOUNDE;NGO Marie;699434066;07/08/2020;CM410002;Move3500;TWE31310403C;1,93237E+23;;ORANGE;8923,7022,0092,8046,6878
166;CASINO POSTE CENTRALE;Poste Centrale;YAOUNDE;NGO Marie;699434066;07/08/2020;CM410003;Move3500;TWE31310403C;1,93237E+23;;ORANGE;8923,7022,0092,8046,6860
167;CASINO POSTE CENTRALE;Poste Centrale;YAOUNDE;NGO Marie;699434066;07/08/2020;CM410004;Move3500;TWE31310403C;1,93237E+23;;ORANGE;8923,7022,0092,8046,6894
168;CASINO POSTE CENTRALE;Poste Centrale;YAOUNDE;NGO Marie;699434066;07/08/2020;CM410005;Move3500;TWE31310403C;1,93157E+23;;ORANGE;8923.7021.2051.2244.3932
169;CASINO POSTE CENTRALE;Poste Centrale;YAOUNDE;NGO Marie;699434066;07/08/2020;CM410006;Move3500;TWE31310403C;1,93237E+23;;ORANGE;8923,7022,0092,8046,6886
170;CASINO POSTE CENTRALE;Poste Centrale;YAOUNDE;NGO Marie;699434066;07/08/2020;CM410007;Move3500;TWE31310403C;1,93237E+23;;ORANGE;8923.7021.7023.8195.6182
171;CELIO;Bali;DOUALA;NZIFA Michel;696765274;15/08/2020;CM106801;Move3500;TWE31310403C;1,93237E+23;;ORANGE;8923.7021.2051.2244.3866
172;CENTRE AUTO;ELIG ESSONO;YAOUNDE;MEUPIAP CHRISTINE;694051226;21/01/2020;CM849501;IWL220;IWL221-01T1387A;16209WL24743607;;ORANGE;8923.7021.7042.8317.0185
173;CFAO (AVIS);HILTON;YAOUNDE;BAYOKLAG NELLY;697089201;15/01/2020;CM010101;IWL220;IWL221-01T1387A;14241WL22076156;15046WL22060200;ORANGE;8923,7022,0092,8046,6514
174;CFAO EQUIPEMENT (AVIS);AKWA;DOUALA;PK MARIE;695373088;03/02/2020;CM010201;IWL220;IWL221-01T1387A;13273WL20936000;14233WL22050595;ORANGE;8923,7022,0092,8046,6001
175;CHANAS ASSURANCE;DOUALA;DOUALA;MANGA GENEVIEVE;;28/05/2020;CM851004;IWL220;IWL221-01T2194A;17073WL25896591;;SIERRA;8933.2401.0000.0374.4253
176;CHANAS ASSURANCE;GAROUA;GAROUA;MANGA GENEVIEVE;;27/05/2020;CM851005;IWL220;IWL221-01T2194A;17072WL25889852;;SIERRA;8933.2401.0000.0374.4329
177;CHANAS ASSURANCES DOUALA;BONANJO;DOUALA;ZEBAZE JOSUE;699603291;19/02/2020;CM851001;iWL220;IWL221-01T1387A;16209WL24744264;;NEXTTEL;8923.7040.0274.1669.9855
178;CHANAS ASSURANCES DOUALA;AKWA;DOUALA;ELLA ASTRID;699603291;19/02/2020;CM851002;iWL220;IWL221-01T2194A;17072WL25889736;;NEXTTEL;8923.7040.0274.1669.9103
179;CHANAS ASSURANCES YAOUNDE;CAMAIR;YAOUNDE;BAMA BERTRAND;222220011;21/02/2020;CM851003;iWL220;IWL221-01T2194A;17072WL25889738;;SIERRA;8933.2401.0000.0374.4659
180;CHEZ KALHI;BASTOS;YAOUNDE;NJIKE STEPHANE;659310181;16/01/2020;CM847401;IWL220;IWL221-01T2194A;17073WL25896583;;ORANGE;8923,7021,2051,2143,3215
181;CHIC DESIGN (IN HOME DESIGN) ;RD PT BASTOS;YAOUNDE;NONO JEHU;694446170;16/01/2020;CM843001;IWL220;IWL221-01T2194A;17072WL25889924;;ORANGE;8923.7021.8041.8052.4086
182;CHOC ET MOI;BONAPRISO;DOUALA;MPOME RUTH;680008391;24/01/2020;CM846101;IWL220;IWL221-01T2194A;17073WL25896496;;ORANGE;
183;CIGARES BOX ET CLUB;RETRAITE;YAOUNDE;EMBOLO MARIE;658263871;13/01/2020;CM846901;IWL220;IWL221-01T2194A;17073WL25892454;14233WL22052843;ORANGE;8923.7021.4013.9314.3661
184;CIRCLE CLUB;BASTOS;YAOUNDE;TALLA KUENAN;693353505;16/01/2020;CM892701;IWL220;IWL221-01T1387A;15290WL23650078;16209WL24743327;ORANGE;8923.7021.7023.8195.6166
185;CITY SPORT (Destock);Bonapriso;DOUALA;YOUGO T. Jobiane;233434577;07/08/2020;CM103601;Move3500;TWE31310403C;1,93237E+23;;ORANGE;8923,7022,0092,8046,6019
186;CITY SPORT (Destock);Bonapriso;DOUALA;YOUGO T. Jobiane;233434577;07/08/2020;CM106601;Move3500;TWE31310403C;1,93237E+23;;ORANGE; 8923,7022,0092,8046,6622
187;CITY SPORT AKWA;Akwa;DOUALA;NTOTTE;690802342;06/08/2020;CM103602;Move3500;TWE31310403C;1,93237E+23;;NEXTTEL;8923.7040.0274.1669.8717
188;CITY SPORT POSTE CENTRALE;Poste Centrale;YAOUNDE;TAYO MARCEL;222224820;12/08/2020;CM103603;Move3500;TWE31310403C;1,93237E+23;;SIERRA;8933.2401.0000.1811.9038
189;CLENG ( KATIOS) ;MARCHE CENTRAL;YAOUNDE;;;20/12/2019;CM836303;IWL220;IWL221-01T1387A;14135WL21746387;;BICS;8932.0410.0300.0109.8307
190;CLENG SARL;;YAOUNDE;NGUETSA HONORE;694 90 90 31;22/10/2020;CM836304;Move3500;TWE-31310403C;1,93237E+23;;SIERRA;8933.2401.0000.1812.0440
191;CLENG SARL (COLISEE);BASTOS;YAOUNDE;S  PAMELA;657777771;22/01/2020;CM836301;IWL220;IWL221-01T1387A;15290WL23649890;15045WL22729627;ORANGE;8923,7021,7042,8317,0441
192;CLINIQUE DE BONAPRISO;BONAPRISO;DOUALA;MOUKELE GUSTAVE;;27/01/2020;CM845301;IWL220;IWL221-01T2194A;17072WL25889201;;ORANGE;
193;CM 237 SARL (OSAF NIGHTCLUB);BONANJO;DOUALA;TIEMGOUM ERIC;696913465;12/02/2020;CM207301;IWL220;IWL221-01T1387A;16211WL24751711;15879WL23597829;ORANGE;8923,7022,0092,8046,6910
194;CMC( MEUBLE BLUE SKY);FEU ROUGE;DOUALA;;698500310;04/02/2020;CM848101;IWL220;IWL221-01T2194A;17073WL25896486;;ORANGE;8923.7021.2051.224
195;COLISEE (SANZA);Etoa Meki;YAOUNDE;Maitre Efala;696656966;10/01/2020;CM836302;IWL220;IWL221-01T1387A;15290WL23649696;15046WL22730960;BICS;8932.0410.0300.0109.8885
196;COMPLEXE KOUOTOU;BASTOS;YAOUNDE;OTTOU LETINA;222211351;21/01/2020;CM845901;IWL220;IWL221-01T2194A;17073WL25896662;;ORANGE;8923.7021.8041.8052.4276
197;COMPLEXE KOUOTOU;BASTOS;YAOUNDE;OTTOU LETINA;222211351;21/01/2020;CM845902;IWL220;IWL221-01T2194A;17073WL25896462;;ORANGE;8923.7021.8041.8652.4227
198;COMPLEXE LA CHAUMIERE;BONAPRISO;DOUALA;NTAMAG MARIE;695734387;04/02/2020;CM204401;IWL220;IWL221-01T1387A;14142WL21768179;15279WL23597717;ORANGE;8923.7021.3103.9176.3092
199;CONFEX OIL;ELIG ESSONO;YAOUNDE;NKADA MOLO;696297931;21/01/2020;CMB39701;IWL220;IWL221-01T1387A;16211WL24753128;;ORANGE;8923.7021.2051.2244.4906
200;DAH KEN SARL (Boulangerie);Bonaberi;DOUALA;MBIAKOP Flaubert;694400962;07/01/2020;CM204501;iWL220;IWL221-01T2194A;17072WL25890253;;ORANGE;8923.7021.2051.2218.2282
201;DAH KEN SARL (Hotel);Bonaberi;DOUALA;MBIAKOP Flaubert;694400962;07/01/2020;CM007501;iWL220;IWL221-01T1387A;15290WL23649729;13275WL20943927;ORANGE;8923.7021.2051.2244.4930
202;DEE LITE ( DEL SEY);BESSEKE;DOUALA;EMONG PAULINE;673683790;17/08/2020;CM842101;Move3500;TWE31310403C;1,93237E+23;;SIERRA;8933.2401.0000.1812.0242
203;DEE LITE SARL  (SPAR) MARCHE CENTRAL;Marche Central, face Djeuga Appart;YAOUNDE;VICKY;674945155;12/08/2020;CM560002;Move3500;TWE31310403C;1,93237E+23;;ORANGE;8923,7022,0092,8046,6852
204;DEE LITE SARL (SPAR);Bonaberi;DOUALA;GARCIANNE EDIMO;-;07/01/2020;CM842105;iCT220;ICT220-11T2221A;13226CT20738024;;ETHERNET;8933.2401.0000.1812.0614
205;DEE LITE SARL (SPAR) AKWA;AKWA;DOUALA;;;17/08/2020;CM842106;Move3500;TWE31310403C;1,93157E+23;;ORANGE;8923,7022,0092,8046,6183
206;DEE LITE SARL (SPAR) AKWA;AKWA;DOUALA;;;17/08/2020;CM842107;Move3500;TWE31310403C;1,93227E+23;;ORANGE;8923,7022,0092,8046,6480
207;DEE LITE SARL (SPAR) AKWA;AKWA;DOUALA;;;17/08/2020;CM842108;Move3500;TWE31310403C;1,93237E+23;;ORANGE;8923,7022,0092,8046,6142
208;DEE LITE SARL (SPAR) BONABERI;Bonaberi;DOUALA;GARCIANNE EDIMO;-;15/08/2020;CM842102;Move3500;TWE31310403C;1,93227E+23;;ORANGE;8923,7021,8041,8052,4458
209;DEE LITE SARL (SPAR) BONABERI;Bonaberi;DOUALA;GARCIANNE EDIMO;-;15/08/2020;CM842103;Move3500;TWE31310403C;1,93227E+23;;ORANGE;8923,7021,4023,9165,0830
210;DEE LITE SARL (SPAR) BONABERI;Bonaberi;DOUALA;GARCIANNE EDIMO;-;15/08/2020;CM842104;Move3500;TWE31310403C;1,93237E+23;;ORANGE;8923,7021,2051,2101,2258
211;DENVER PLAZA HOTEL;Bonamoussadi;DOUALA;-;233478880;10/01/2020;CM004901;IWL220;IWL221-01T1387A;15290WL23650060;15279WL23597000;ORANGE;8923.7021.2051.2182.0622
212;DHL;BALI;DOUALA;;;12/02/2020;CM401001;IWL220;IWL221-01T1387A;15290WL23649801;13274WL20937830;ORANGE;8923.7021.2051.2218.2225
213;DHL YAOUNDE;HIPPODROME;YAOUNDE;PATIENCE;233500900;23/01/2020;CM838901;IWL220;IWL221-01T2194A;17072WL25889420;;ORANGE;8923.7021.2051.2143.6341
214;DIPRESS SARL;MARCHE CENTRAL;YAOUNDE;NOUBISSE Narcisse;693403201;24/01/2020;CM846201;IWL220;IWL221-01T2194A;17072WL25889626;;ORANGE;8923,7021,7023,8195,7057
215;DISTRIBUTION PRESSING;ELIG ESSONO;YAOUNDE;;655365079;17/01/2020;CM838501;IWL220;IWL221-01T2194A;17072WL25889537;;ORANGE;8923.7021.3051.2058.8363
216;DJEUGA APPART;Boulevard 20 mai;YAOUNDE;SOB;693091055;24/01/2020;CM009402;IWL220;IWL221-01T1387A;15290WL23649834;14140WL21757510;ORANGE;8923,7022,0092,8046,6506
217;DOVV BASTOS;Bastos;YAOUNDE;;691090828;14/08/2020;CM107401;Move3500;TWE-31310403C;1,93237E+23;;ORANGE;8923,7022,0092,8046,6837
218;DOVV BASTOS;Bastos;YAOUNDE;;691090828;14/08/2020;CM107402;Move3500;TWE-31310403C;1,93157E+23;;ORANGE;8923,7022,0092,8046,6845
219;DOVV CARRIERE;Carriere;YAOUNDE;MANA FRANCK LIONEL;;17/12/2020;CM107412;iWL220;IWL221-01T1387A;16209WL24744209;;ORANGE;8923,7022,0092,8046,6397
220;DOVV ESSOS;ESSOS;YAOUNDE;TIENTCHEU DACKIN;;14/08/2020;CM107403;Move3500;TWE-31310403C;1,93237E+23;;ORANGE;8923,7022,0092,8046,6613
221;DOVV ESSOS;ESSOS;YAOUNDE;TIENTCHEU DACKIN;;14/08/2020;CM107404;Move3500;TWE-31310403C;1,93237E+23;;ORANGE;8923,7022,0092,8046,6621
222;DOVV MENDONG;MENDONG;YAOUNDE;NDONKO CARINE;691090758;30/01/2020;CM107407;IWL220;IWL221-01T1387A;14241WL22076542;15045WL22729592;ORANGE;8923,7022,0092,8046,6662
223;DOVV MENDONG;MENDONG;YAOUNDE;NDONKO CARINE;691090758;30/01/2020;CM107408;IWL220;IWL221-01T1387A;14092WL21603652;15045WL22729665;ORANGE;8923.7021.7042.8317.0250
224;DOVV MESSAMENDONGO;MESSAMENDONGO;YAOUNDE;ATEBA JEAN;;13/08/2020;CM107409;Move3500;TWE-31310403C;1,93157E+23;;SIERRA;8933.2401.0000.1812.0333
225;DOVV NKOLBISSON;NKOLBISSON;YAOUNDE;KAMWA MARCEL;690768335;19/08/2020;CM107410;Move3500;TWE-31310403C;1,93237E+23;;SIERRA;8933.2401.0000.0374.4741
226;DOVV TONGOLO;TONGOLO;YAOUNDE;DONGMO LYNDA;222204166;19/08/2020;CM107405;Move3500;TWE-31310403C;1,93237E+23;;BICS;8932.0410.0300.0109.8448
227;DOVV TONGOLO;TONGOLO;YAOUNDE;DONGMO LYNDA;222204166;19/08/2020;CM107406;Move3500;TWE-31310403C;1,93227E+23;;BICS;8932.0410.0300.0109.8141
228;EASY RIDE;BONAPRISO;DOUALA;DOUANLA LAMDO;671984623;03/02/2020;CM849301;IWL220;IWL221-01T1387A;15290WL23649678;14235WL22059245;ORANGE;8923,7022,0092,8046,6068
229;EASY RIDE;BASTOS;YAOUNDE;;690801955;27/01/2020;CM849302;IWL220;IWL221-01T1387A;16111WL24752375;12334WL61331929;ORANGE;8923.7021.8042.8401.4315
230;ECO MARCHE;BASTOS;YAOUNDE;LADA EMMANUEL;691899817;20/01/2020;CM100201;IWL220;IWL221-01T1387A;15287WL23637481;;ORANGE;8923.7021.2051.2101.0344
231;ECO MARCHE DOUALA;Sandaga;DOUALA;OBOLA SAMAK;691776518;30/01/2020;CM101801;IWL220;IWL221-01T1387A;15290WL23649746;15045WL22730510;ORANGE;8923.7021.2051.2101.2142
232;EDONIKA SARL;BONAPRISO;DOUALA;BILOKO MURIELLE;;03/02/2020;CM202401;IWL220;IWL221-01T2194A;17073WL25896609;15328WL23794241;ORANGE;8923.7021.0021.0000.2719
233;ELTA ARG;CAPITOL;YAOUNDE;DELPHINR SANDJO;677933513;24/01/2020;CM403502;IWL220;IWL221-01T1387A;14142WL21768270;14228WL22040068;ORANGE;8923.7021.4023.9112.1295
234;ELTA ARG;WARDA;YAOUNDE;ASOBO SALOMON;222236673;14/02/2020;CM833701;IWL220;IWL221-01T1387A;14142WL21768177;;ORANGE;8923.7021.4093.8404.6595
235;ELTA HRG;Akwa;DOUALA;NGOWO EKEMA Annie;678705089;20/01/2020;CM403501;iWL220;IWL221-01T1387A;16209WL24743184;14237WL22065415;ORANGE;8923,7021,3051,2036,1589
236;EMBOLO SARL;BONAPRISO;DOUALA;YOUMBEM  JAMILA;694361858;24/01/2020;CM305801;IWL220;IWL221-01T1387A;16209WL24743390;;SIERRA;8933.2401.0000.0374.3958
237;ENARD SARL;ODZA;YAOUNDE;ALAIN MALONDO;696720007;15/01/2020;CM835401;IWL220;IWL221-01T1387A;14241WL22070839;16209WL24743309;ORANGE;8923,7022,0092,8046,6654
238;ETS  LA VILLA;DEIDO PLAGE;DOUALA;VINAPON AIMEE;696472450;03/02/2020;CM834001;IWL220;IWL221-01T1387A;14241WL22076833;15279WL23597840;BICS;8932.0410.0300.0109.8380
239;ETS  SHIVA;RUE CEPER;YAOUNDE;SHIVA;674238775;23/01/2020;CM835301;IWL220;IWL221-01T1387A;16209WL24743319;16211WL24756019;ORANGE;8923.7021.0021.0000.2693
240;ETS BOLO;Akwa;DOUALA;N'NANE Manuella Maggy;693799101;17/01/2020;CM982001;iWL220;IWL221-01T1387A;15290WL23649771;16209WL24743406;ORANGE;8323.7021.4093.8428.6892
241;ETS CHEZ CALIXTIE;MARCHE Central;YAOUNDE;;;24/01/2020;CM799801;IWL220;IWL221-01T1387A;13274WL20936965;16164WL24532251;ORANGE;8923.7021.7023.8195.6992
242;ETS DIDIER SHOPPING;CAPITOL;YAOUNDE;KEPSEU MISCADIN;673272146;24/01/2020;CM307001;IWL220;IWL221-01T1387A;14128WL21717476;13274WL20937839;ORANGE;8923.7021.4013.9314.3745
243;ETS HARMONY;BONAPRISO;DOUALA;MANDJONGUI;691644015;27/01/2020;CM302901;IWL220;IWL221-01T1387A;13273WL20936197;;ORANGE;8923.7021.2051.2244.3952
244;ETS LA CANNE A SUCRE;DEIDO;DOUALA;EKWALLA SAMUEL;696003522;12/08/2020;CM798201;Move3500;TWE-31310403C;1,93237E+23;;SIERRA;8933.2401.0000.1812.0754
245;ETS LA CANNE A SUCRE;DEIDO;DOUALA;EKWALLA SAMUEL;696003522;13/03/2020;CM798202;IWL220;IWL221-01T1387A;14142WL21768345;;SIERRA;8933.2401.0000.1812.0747
246;ETS LES GITES ;KRIBI;KRIBI;EKANI SANDRINE;695988831;06/03/2020;CM006501;IWL220;IWL221-01T2194A;17073WL25896526;;ORANGE;8923.7021.2051.2244.4922
247;ETS LES GITES ;KRIBI;KRIBI;EKANI SANDRINE;695988832;06/03/2020;CM204901;IWL220;IWL221-01T2194A;17073WL25896464;;ORANGE;8923.7021.4093.8428.6977
248;ETS MA HOSPITALITY;BONANJO;DOUALA;MISTO TALLA;674440202;06/02/2020;CM845701;IWL220;IWL221-01T1387A;15290WL23650047;;ORANGE;8923.7021.2051.2101.2035
249;ETS MEDARD FRANKY;Avenue Kennedy;YAOUNDE;NDALEU MEDARD;677745091;13/01/2020;CM304501;IWL220;IWL221-01T1387A;14095WL21619735;15151WL23071365;ORANGE;8923.7021.2051.2101.2290
250;ETS MILANO ELEGANZA;BASTOS;YAOUNDE;IBRAHIM CHERIF;693931111;16/01/2020;CM511501;IWL220;IWL221-01T1387A;14229WL22042354;14227WL22035524;ORANGE;8923.7021.4093.8428.5870
251;ETS NNJ;BASTOS;YAOUNDE;LYTCHOU;651694456;16/01/2020;CM835801;IWL220;IWL221-01T1387A;16211WL24752748;14233WL22052966;ORANGE;8923.7021.2051.2100.3034
252;ETS SAMIYAMI;Etoa Meki;YAOUNDE;NGEH JULIE;655173744;21/01/2020;CM844305;IWL220;IWL221-01T2194A;17072WL25890123;12333WL61330565;ORANGE;8923,7021,8042,8401,4265
253;ETS SAMIYAMI;Etoa Meki;YAOUNDE;MULUH YOLANDE;695504537;21/01/2020;CM844306;IWL220;IWL221-01T2194A;17072WL25889276;13186WL20628745;ORANGE;8923,7021,4023,9164,9147
254;ETS SAMIYAMI GROUP( BLACK INDIANA HAIR);AKWA NORD;DOUALA;NWATI JULIETTE;695504571;03/02/2020;CM844303;IWL220;IWL221-01T2194A;17067WL25869073;;ORANGE;
255;ETS SAMIYANI;ODZA;YAOUNDE;NDOH ANNE;690302615;15/01/2020;CM844304;IWL220;IWL221-01T2194A;17072WL25889755;15279WL23597467;ORANGE;8923.7021.8041.8052.4169
256;ETS SAMIYANI;MOKOLO;YAOUNDE;TEINTO RAISSA;690302589;03/02/2020;CM844307;IWL220;IWL221-01T2194A;17072WL25889768;15279WL23597845;ORANGE;8923.7021.8041.8052.4193
257;ETS SAMIYANI;ODZA;YAOUNDE;NDOH ANNE;690302615;15/01/2020;CM844308;IWL220;IWL221-01T2194A;17072WL25889310;15281WL23607323;ORANGE;8923.7021.8041.8052.4201
258;ETS SAMIYANI GROUP;BONAPRISO;DOUALA;BILOUNGA GOLDA;690302624;03/02/2020;CM844302;IWL220;IWL220-01T2194A;17073WL25896481;;ORANGE;8923,7021,4013,9382,4757
259;ETS VINNY SARL;AKWA;DOUALA;HARESH;691799723;27/01/2020;CM301601;IWL220;IWL221-01T1387A;15290WL23649698;13257WL20884404;BICS;8932.0410.0300.0109.8893
260;ETS WANG DAYONG;Bastos;YAOUNDE;WANG DAYONG;690670000;24/02/2021;CM854501;iWL220;IWL221-01T1387A;16209WL24743109;;ORANGE;8923.7021.4023.9112.1402
261;FAMILLE NKAMGANG SARL;HIPPODROME;YAOUNDE;ZETRA CAROLINE;658301689;23/01/2020;CM846701;IWL220;IWL221-01T2194A;17072WL25889287;14137WL21748867;ORANGE;8923.7021.8042.8401.4067
262;FEDEX CAMEROUN(GLOBEX CAMEROUN);BONANJO;DOUALA;MIGUER J;243522406;05/02/2020;CM842901;IWL220;IWL221-01T2194A;17072WL25889650;;ORANGE;8923.7021.4012.9314.3943
263;FINEXS;AKWA;DOUALA;IKUM ROLANDE;696000525;03/02/2020;CM199901;IWL220;IWL221-01T1387A;15290WL23649774;16113WL24314035;ORANGE;8923,7021
264;FINEXS;MVAN;YAOUNDE;EVINA PAUL;;15/01/2020;CM199902;IWL220;IWL221-01T1387A;13274WL20937572;16164WL24531900;ORANGE;8923.7021.4093.8404.8112
265;FINI Hotel ;Limbe;LIMBE;ATUD Minet ENGWARI;690403295;11/01/2020;CM003201;iWL220;IWL221-01T2194A;17073WL25896484;14142WL21769732;ORANGE;8923,7022,0092,8046,6209
266;FINI Hotel ;Limbe;LIMBE;ATUD Minet ENGWARI;690403295;11/01/2020;CM003202;iWL220;IWL221-01T1387A;15290WL23650211;;ORANGE;8923.7040.0274.1669.939
267;FLORENCIA HOTEL;TSINGA;YAOUNDE;MINFELE JOSYANE;679618181;22/01/2020;CM008301;IWL220;IWL221-01T1387A;13084WL20338315;14235WL22060207;ORANGE;8923.7021.4093.8552.0887
268;FNAC BALI;Bali;DOUALA;OTH Christelle;697346249;13/08/2020;CM301208;Move3500;TWE-31310403C;1,93237E+23;;ORANGE;8923,7022,0092,8046,6191
269;FONDATION MEDICALE FRANTZ FANON;BASTOS;YAOUNDE;NGO PAULINE;242001727;27/01/2020;CM837801;IWL220;IWL221-01T2194A;17072WL25889810;13260WL20897264;ORANGE;8923.7021.7023.8195.6471
270;FOREVER LIVING P;HIPPODROME;YAOUNDE;;;23/01/2020;CM850001;IWL220;IWL221-01T1387A;15290WL23649690;;ORANGE;8923.7021.4093.8428.5854
271;FOREVER LIVING PRODUCTS;BONAMOUSSADI;DOUALA;ABDOIL AZIZ;691345345;03/02/2020;CM849901;IWL220;IWL221-01T2194A;17072WL25889291;;ORANGE;8923.7021.3051.2058.8442
272;FUNERAL HOME  ;ETOA MEKI;YAOUNDE;ADIOBO;;14/05/2020;CM841301;IWL220;IWL221-01T1387A;14241WL22076217;;ORANGE;8923.7021.7042.8317.0029
273;FUNERAL HOME CONCEPT;AKWA;DOUALA;DJEUFET ARLETTE;656370458;30/01/2020;CM841302;IWL220;IWL221-01T2194A;17072WL25889500;;ORANGE;
274;FUTURIS HOTEL;Bonapriso;DOUALA;IBRAHIM AKANJI;679996565;06/01/2020;CM009801;iWL220;IWL221-01T1387A;15290WL23649950;15279WL23597686;ORANGE;8923,7021,4093,8552,1430
275;GALERIE PEYRISSAC;Akwa;DOUALA;EWOUDOU Sonya;699996597;17/08/2020;CM303201;Move3500;TWE-31310403C;1,93237E+23;;NEXTTEL;8923.7040.0274.1669.9996
276;GARAGE SSS;CORON;YAOUNDE;MASSON;679528889;15/01/2020;CM403802;IWL220;IWL221-01T1387A;16209WL24743211;16209WL24743810;ORANGE;8923.7021.4093.8428.6712
277;GLOBAL TELECOMMUNICATION(GLOTELHO);AKWA;DOUALA;EMILDA SUH;650558209;27/01/2020;CM551401;IWL220;IWL221-01T1387A;16209WL24743400;16209WL24743322;ORANGE;8923,7021,4023,9164,7612
278;GRAND CAFE;Bonapriso;DOUALA;;;22/12/2020;CM854101;iWL220;IWL221-01T2194A;17072WL25889865;;ORANGE;8923,7022,0092,8046,6977
279;GREEN BUS CENTRAL DOUALA;Bonamoussadi;DOUALA;ALEXIS TAMNO;675592899 / 656093959;17/12/2020;CM853101;iWL220;IWL221-01T1387A;14142WL21768190;;NEXTTEL;8923.7040.0274.1669.8790
280;GREEN BUS CENTRAL YAOUNDE;Bata Nlongkak;YAOUNDE;KENGNE DONGMO DANIELLE;;17/12/2020;CM853102;iWL220;IWL221-01T1387A;14142WL21768091;;SIERRA;8933.2401.0000.1812.0234
281;GUINS PALACE HOTEL;BAFOUSSAM;BAFOUSSAM;ETOGA CHRISTIAN;694805036;06/03/2020;CM842201;IWL220;IWL221-01T2194A;17072WL25889947;;ORANGE;8923.7021.4093.8428.7157
282;GULFIN BALI;Bali;DOUALA;NGAUDO;696389901;10/08/2020;CM820001;Move3500;TWE-31310403C;1,93157E+23;;BICS;8932.0410.0300.0109.7853
283;GULFIN BIFAGA;Ndogbong;DOUALA;YATCHO epse NDJE Clarence;699115176;08/01/2020;CM848301;iWL220;IWL221-01T2194A;17072WL25889609;;ORANGE;8923.7021.4023.9165.6192
284;GULFIN BONAMOUSSADI;AKWA NORD;DOUALA;MBOGLEN PHILIPPE;655501767;03/02/2020;CM810001;IWL220;IWL221-01T1387A;15290WL23649610;16209WL24744046;ORANGE;8923.7021.2051.2244.4955
285;GULFIN BONENDALE;Bonaberi;DOUALA;ABOUMBA Remy;-;07/01/2020;CM848401;iWL220;IWL221-01T1387A;13273WL20936540;14235WL22059429;ORANGE;8923.7021.3051.2036.1682
286;GULFIN NDOGSIMBI;NDOGSIBI;DOUALA;;699573603;03/02/2020;CM840201;IWL220;IWL221-01T1387A;15290WL23650190;;ORANGE;8923.7021.4023.8165.6233
287;GULFIN NSAM;NSAM;YAOUNDE;ETAME EBELLE;696671756;04/02/2020;CM848601;IWL220;IWL221-01T2194A;17072WL25889258;;ORANGE;8923.7021.8042.8401.4331
288;GULFIN NYALLA;NYALLA;DOUALA;;695197782;03/02/2020;CM792001;IWL220;IWL221-01T1387A;15290WL23649541;;ORANGE;8923.7021.4093.5428.5961
289;GULFIN PK14;PK 14;DOUALA;;;03/02/2020;CM809901;IWL220;IWL221-01T1387A;14233WL22052846;;ORANGE;8923.7021.4023.9156.159
290;GULFIN SOBOUM;Dakar;DOUALA;PETOM;699905638;16/01/2020;CM848501;iWL220;IWL221-01T2194A;17073WL25896544;;ORANGE;8923.7021.2051.2218.2132
291;H LOGISTICS;DRAGAGE;YAOUNDE;SOHNA;222218636;31/01/2020;CM591401;IWL220;IWL221-01T1387A;14241WL22076596;16200WL24744618;ORANGE;8923.7021.7042.8317.0490
292;HERA;AKWA;DOUALA;KAMGA NADINE;655078454;05/02/2020;CM892201;IWL220;IWL221-01T1387A;16209WL24743941;16209WL24744564;ORANGE;8923.7021.6021.8644.2182
293;HILTON HOTEL;Boulevard 20 mai;YAOUNDE;CHOUFONG Gaetan;696716307;06/11/2020;CM009501;Move3500;TWE-31310403C;1,93237E+23;;NEXTTEL;8923.7040.0274.1669.5911
294;HILTON HOTEL;Boulevard 20 mai;YAOUNDE;CHOUFONG Gaetan;696716307;26/12/2019;CM009502;Move3500;TWE-31310403C;1,93237E+23;;NEXTTEL;8923.7040.0274.1669.9533
295;HILTON HOTEL;Boulevard 20 mai;YAOUNDE;CHOUFONG Gaetan;696716307;26/12/2019;CM009503;IWL220;IWL221-01T1387A;16209WL24744268;12333WL61330622;NEXTTEL;8923.7040.0274.1669.9558
296;HILTON HOTEL;Boulevard 20 mai;YAOUNDE;CHOUFONG Gaetan;696716307;26/12/2019;CM009504;IWL220;IWL221-01T1387A;16065WL24138479;14233WL22052808;ORANGE;8923.7021.4093.8428.6811
297;HILTON HOTEL;Boulevard 20 mai;YAOUNDE;CHOUFONG Gaetan;696716307;26/12/2019;CM009505;IWL220;IWL221-01T1387A;16166WL24545934 ;15281WL23607325;ORANGE;8923.7021.4093.8428.6811
298;HILTON HOTEL;Boulevard 20 mai;YAOUNDE;CHOUFONG Gaetan;696716307;26/12/2019;CM009506;IWL220;IWL221-01T2194A;17072WL25890073;15279WL23597837;ORANGE;8923.7021.3103.9176.3133
299;HOSTELLERIE DE LA SANAGA;EDEA;EDEA;ATANGANA HYPPOLITE;699801830;06/03/2020;CM796101;IWL220;IWL221-01T2194A;17072WL25889451;14235WL22059714;ORANGE;8923.7021.4093.8428.6753
300;HOSTELLERIE DE LA SANAGA;EDEA;EDEA;ATANGANA HYPPOLITE;699801831;06/03/2020;CM796102;IWL220;IWL221-01T2194A;17072WL25889786;;ORANGE;8923.7021.8042.8401.4240
301;HOTEL AKWA HIN;Akwa;DOUALA;;;22/12/2020;CM854001;iWL220;IWL221-01T1387A;15287WL23637479;;ORANGE;8923.7021.4023.9165.6142
302;HOTEL BANO PALACE;AKWA;DOUALA;DJUKOP SOLANGE;697800111;30/01/2020;CM834101;IWL220;IWL221-01T1387A;14091WL21595403;15279WL23597888;ORANGE;8923.7021.2051.2143.6372
303;HOTEL DES DEPUTES;EDUCATION;YAOUNDE;SOULEYMANOU;679528636;03/02/2020;CM000301;IWL220;IWL221-01T1387A;13273WL20936447;14235WL22060334;ORANGE;8923.7021.2051.2143.5871
304;HOTEL DJEUGA;DJEUGA;YAOUNDE;NLEND GEORGES;694453048;06/11/2020;CM009401;Move3500;TWE-31310403C;1,93237E+23;;BICS;8932.0410.0300.0109.7713
305;HOTEL DJEUGA;DJEUGA;YAOUNDE;NLEND GEORGES;694453048;13/01/2020;CM009403;IWL220;IWL221-01T2194A;17072WL25890528;12333WL61330587;SIERRA;8933.2401.0000.0374.4675
306;HOTEL FRANCO;PROVINCE;YAOUNDE;SINGO ALIDA;222201311;20/01/2020;CM834301;IWL220;IWL221-01T2194A;17072WL25889262;13257WL20884484;ORANGE;8923.7021.7042.8317.0284
307;HOTEL FRANCO;PROVINCE;YAOUNDE;SINGO ALIDA;222201311;20/01/2020;CM834302;ICT220;ICT220-01T1073F;13226CT20738851;;ETHERNET;
308;HOTEL GRAND MOULIN;Etoa Meki;YAOUNDE;BISCENE;222206821;21/01/2020;CM899401;IWL220;IWL221-01T1387A;14241WL22076843;16164WL24531922;ORANGE;8923.7021.2051.2143.5913
309;HOTEL ILLOMBA;KRIBI;KRIBI;;699912923;06/03/2020;CM002901;IWL220;IWL221-01T2194A;17072WL25889685;14235WL22060440;ORANGE;8923.7021.3051.2058.8264
310;HOTEL JOUVENCE;FOUDA;YAOUNDE;;691620422;28/01/2020;CM847101;IWL220;IWL221-01T2194A;17072WL25889320;;ORANGE;8923.7021.8042.8401.4042
311;HOTEL JOUVENCE 2000;FOUDA;YAOUNDE;KOUAKEP ARIANE;222230259;28/01/2020;CM001301;IWL220;IWL221-01T1387A;15290WL23649784;12334WL61332035;ORANGE;8923.7021.2051.2143.6312
312;HOTEL LA COURONNE;BASTOS;YAOUNDE;DJEUDJA ADRIEN;650770377;20/01/2020;CM850401;IWL220;IWL221-01T2194A;17072WL25889300;;ORANGE;8923,7022,0092,8046,6571
313;HOTEL LE CHATEAU;USINE USB;DOUALA;;699013214;03/02/2020;CM334501;IWL220;IWL221-01T1387A;13274WL20837706;;ORANGE;8923.7021.2051.2143.3215
314;HOTEL LEWAT;BESSENGUE;DOUALA;WAINDIM BEATRICE;678236849;30/01/2020;CM002301;IWL220;IWL221-01T1387A;15290WL23549705;15279WL23597932;SIERRA;8933.2401.0000.0374.3818
315;HOTEL L'OUBANGUI ;AKWA;DOUALA;HOTEL L'OUBANGUI ;233433652;31/01/2020;CM006101;IWL220;IWL221-01T1387A;13274WL20937701;15151WL23071928;ORANGE;8923.7021.0021.0101.0743
316;HOTEL LUMIERE ;BONANJO;DOUALA;DEUMO AURELIE;233429416;30/01/2020;CM004101;IWL220;IWL221-01T1387A;14241WL22076376;13284WL20984143;ORANGE;8923.7021.2051.2182.0612
317;HOTEL LUXTRAL;ODZA;YAOUNDE;DASSI ALAIN;690283946;15/01/2020;CM004501;IWL220;IWL221-01T1387A;15290WL23649829;13079WL20326804;ORANGE;8923.7021.4023.9112.1493
318;HOTEL MERINA;MARCHE Central;YAOUNDE;;;31/01/2020;CM833901;iWL220;IWL221-01T2194A;17072WL25889935;;ORANGE;8923.7021.2851.2101.0377
319;HOTEL PRESTIGE;OLEDZOA;YAOUNDE;DJOUOTE MIREILLE;222226055;29/01/2020;CM000701;IWL220;IWL221-01T1387A;14135WL21746438;15279WL23597707;ORANGE;8923.7021.4093.8428.6878
320;HOTEL PRINCE DE GALLES;Akwa;DOUALA;FOUNTCHO TIGNA Serahine;679504873;20/12/2019;CM834901;iWL220;IWL221-01T1367A;13274WL20937236;15045WL22729706;ORANGE;8923.7021.4013.9382.5978
321;HOTEL ROYALE PALACE;Bonaberi;DOUALA;NJOKI EUGENIE;699875864;07/01/2020;CM002001;iWL220;IWL221-01T1387A;16209WL24743152;14142WL21768982;ORANGE;8923,7022,0092,8046,6951
322;HOTEL SAWA;Bonanjo;DOUALA;KAMGUE Olivier;675272344;19/12/2019;CM009601;iWL220;IWL221-01T1387A;15290WL23649910;16166WL24545734;ORANGE;8923,7021,7023,8195,7032
323;HOTEL SAWA;Bonanjo;DOUALA;KAMGUE Olivier;675272344;19/12/2019;CM009602;iWL220;IWL221-01T1387A;14142WL21768393;18303WL27740269;ORANGE;8923,7021,4093,8428,6860
324;HOTEL STARLAND ( ETS SLH);Bonapriso;DOUALA;NGANKAM Elias;651378713;19/12/2019;CM009301;iWL220;IWL221-01T1387A;15290WL23649627;14235WL22059406;ORANGE;8923.7021.7011.8218.8628
325;HOTEL STARLAND ( ETS SLH);Bonapriso;DOUALA;NGANKAM Elias;651378713;19/12/2019;CM009302;iWL220;IWL221-01T1387A;14229WL22042333;14233WL22052811;ORANGE;
326;HOTEL STARLAND ( ETS SLH);Bonapriso;DOUALA;NGANKAM Elias;651378713;19/12/2019;CM308201;iCT220;ICT220-11T2221A;17145CT26497688;;ETHERNET;
327;HOTEL VALLEE DES PRINCES ;VALLEE BESSENGUE;DOUALA;NGOTAGA BLANDINE;694188924;30/01/2020;CM835001;IWL220;ICT220-11T2221A;17072WL25889588;15045WL22729867;ORANGE;
328;HOTEL ZINGANA;BAFOUSSAM;BAFOUSSAM;DJANKOUS ULRICH;698179638;06/03/2020;CM772101;IWL220;IWL221-01T2194A;17072WL25889304;;ORANGE;8923.7021.5043.9692.4639
329;I AM;Bonapriso;DOUALA;EWANE Tatiana;696405135;04/09/2020;CM816601;Move3500;TWE-31310403C;1,93227E+23;;BICS;8932.0410.0300.0109.7739
330;IBIS;Bonanjo;DOUALA;ELOUNDOU Simon;699999943;19/12/2019;CM001701;iWL220;IWL221-01T1387A;12341WL61353139;15279WL23507832;ORANGE;8923.7021.4093.8428.6982
331;IBIS;Bonanjo;DOUALA;ELOUNDOU Simon;699999943;19/12/2019;CM892501;iWL220;IWL221-01T1387A;16211WL24752044;13257WL20884466;BICS;8932.0410.0300.0109.7705
332;IBIS;Bonanjo;DOUALA;ELOUNDOU Simon;699999943;19/12/2019;CM892502;iCT220;ICT220-11T2221A;17145CT26498951;;ETHERNET;
333;IMAGE SARL (SKY HOTEL);Bonapriso;DOUALA;-;-;06/01/2020;CM003101;iWL220;IWL221-01T1387A;15290WL23649622;;ORANGE;8923.7021.2051.2244.4992
334;IMPEX TEAM;Bonapriso;DOUALA;FADIMATOU;676316938;15/01/2020;CM300799;iWL220;IWL221-01T1387A;12341WL61352238;;ORANGE;8923.7021.3051.2058.8397
335;INTERNATIONAL HOTEL SARL;NKOLBISSON;YAOUNDE;NGOUGHOU;679490478;31/01/2020;CM843101;IWL220;IWL221-01T2194A;17072WL25889348;16209WL24744592;ORANGE;8923.7021.7042.8317.0011
336;INVEST LOISIR( MURANO);AKWA;DOUALA;KUEPPO JOSEPH;693933960;06/02/2020;CM942001;IWL220;IWL221-01T1387A;15290WL23649977;16060WL24119412;ORANGE;8923.7021.4093.8428.6894
337;ITALCAM TRADING;MOKOLO;YAOUNDE;NGOUATEU SUZIE;222235311;03/02/2020;CM843302;IWL220;IWL221-01T2194A;17073WL25896636;14142WL21769094;ORANGE;8923.702180418052.4037
338;ITALIANA SARL;QUARTIER GOLFE;YAOUNDE;BERTON ANDREA;680004628;16/01/2020;CM850101;IWL220;IWL221-01T2194A;17073WL25896470;;ORANGE;8923,7022,0092,8046,6803
339;JACO SA;ELIG ESSONO;YAOUNDE;FEUYO RICHARD;679802484;21/01/2020;CM304101;IWL220;IWL221-01T1387A;13274WL20937573;15151WL23071473;ORANGE;8923.7021.2051.2101.2233
340;JC KARLA SARL;BASTOS;YAOUNDE;YONDJIO RICHARD;699154496;22/01/2020;CM836001;IWL220;IWL221-01T1387A;16209WL24743951;;ORANGE;8923.7021.8042.8401.4406
341;JC KARLA SARL;BASTOS;YAOUNDE;NGONGO PROSPER;677484877;22/01/2020;CM836002;IWL220;IWL221-01T2194A;17072WL25889822;15261WL23607470;NEXTTEL;8923.7040.0274.1669.860
342;KBA SA;MKOMKANA;YAOUNDE;DAMGOUA NYA;699693473;31/01/2020;CM840401;IWL220;IWL221-01T2194A;17073WL25896553;;ORANGE;8923.7021.7042.8317.0458
343;KENNY'S GREAT HOUSE (CAPITAL CONTRACTORS);Bastos;YAOUNDE;;;19/08/2020;CM852401;Move3500;TWE-31310403C;1,93137E+23;;ORANGE;8923.7021.4051.2101.0443
344;KENNY'S GREAT HOUSE (CAPITAL CONTRACTORS);Bastos;YAOUNDE;;;19/08/2020;CM852402;Move3500;TWE-31310403C;1,93237E+23;;SIERRA;8933.2401.0000.1812.0952
345;KIABI BALI;Bali;DOUALA;;;15/12/2020;CM106602;iWL220;IWL221-01T1387A;15290WL23649524;;ORANGE;8923.7021.4093.8428.7074
346;KIABI BALI;Bali;DOUALA;;;22/12/2020;CM106603;iWL220;IWL221-01T1387A;15290WL23650162;;ORANGE;8923.7021.4093.8552.0911
347;KIABI BALI;Bali;DOUALA;;;22/12/2020;CM106604;iWL220;IWL221-01T2194A;17072WL25889671;;ORANGE;8923.7021.4093.8428.7827
348;LA COMMERCIALE;RETRAITE;YAOUNDE;MINLAA STELLA;679366228;23/01/2020;CM308001;IWL220;IWL221-01T1387A;14241WL22076395;14144WL21776518;ORANGE;8923.7021.2051.2244.3932
349;LA COMMERCIALE;Etoa Meki;YAOUNDE;MODO MARLYSE;699562853;21/01/2020;CM308002;IWL220;IWL221-01T1387A;12341WL61352399;14142WL21769131;ORANGE;8923.7021.4023.9112.1238
350;LA FALAISE;BONANJO;DOUALA;Mr. Emile UYE;699770641;19/12/2019;CM009902;iWL220;IWL221-01T1387A;15290WL23649639;;NEXTTEL;8923.7040.0274.1669.5622
351;LA FALAISE;AKWA;DOUALA;NGOUYA TATANIA;233432832;13/01/2020;CM009904;iWL220;IWL221-01T2194A;17072WL25889681;;ORANGE;8923,7022,0092,8046,6472
352;LA FALAISE;Bonapriso;DOUALA;NDABO Julien;698082569;13/01/2020;CM848201;iWL220;IWL221-01T2194A;17073WL25896548;;ORANGE;8923,7021,7023,8195,6257
353;LA FALAISE;Bonapriso;DOUALA;NDABO Julien;698082569;13/01/2020;CM848202;iWL220;IWL221-01T2194A;17072WL25889552;;ORANGE;8923,7022,0092,8046,6308
354;LA FALAISE;CAPITOLE;YAOUNDE;;222220616;06/11/2020;CM009101;Move3500;TWE-31310403C;1,93237E+23;;SIERRA;8933.2401.0000.0374.4626
355;LA FALAISE;BONANJO;DOUALA;MONKAM JULIETTE;699801295;25/02/2021;CM009905;iWL220;IWL221-01T1387A;16209WL24743241;;ORANGE;8923,7022,0092,8046,6944
356;LA FALAISE;BONANJO;DOUALA;MONKAM JULIETTE;699801295;25/02/2021;CM009906;iWL220;IWL221-01T1387A;13084WL20338371;;ORANGE;8923,7022,0092,8046,6993
357;LA FALAISE ;AKWA;DOUALA;NGOUYA TATANIA;233432832;27/01/2020;CM009901;IWL220;IWL221-01T1387A;15290WL23650090;12342WL61357088;SIERRA;8933.2401.0000.0374.4295
358;LA FALAISE ( Resto);AKWA;DOUALA;NGOUYA TATANIA;233432832;27/01/2020;CM009903;IWL220;IWL221-01T2194A;17072WL25890481;;ORANGE;8923,7021,4023,9164,9204
359;LA FORTUNE BONAMOUSSADI;BONAMOUSSADI;DOUALA;NZOGANG THIERRY;654777636;18/02/2020;CM850902;iWL220;IWL221-01T2194A;17072WL25890101;;ORANGE;8923,7021,2051,2244,3874
360;LA FORTUNE MARCHE CENTRAL;MARCHE CENTRAL;YAOUNDE;JIDEU NOELLE;;18/02/2020;CM850903;iWL220;IWL221-01T2194A;17073WL25896649;;BICS;8932.0410.0300.0109.8117
361;LA FORTUNE MBOPPI;MBOPPI;DOUALA;TAKAM SEVERIN;677610769;19/02/2020;CM850901;iWL220;IWL221-01T2194A;17072WL25890110;;SIERRA;8933.2401.0000.0374.3933
362;LA FORTUNE MOKOLO;MOKOLO;YAOUNDE;DZEMLANO ODETTE;;18/02/2020;CM850904;iWL220;IWL221-01T2194A;17072WL25889485;;SIERRA;8933.2401.0000.0374.4493
363;LA FOURCHETTE;Akwa;DOUALA;LABIO Mathurin;699926466;30/01/2020;CM201701;IWL220;IWL221-01T1387A;13084WL20338200;14240WL22075801;ORANGE;8923,7022,0092,8046,6092
364;LA MODE (  JEU DE MODE);Avenue Kennedy;YAOUNDE;HOMSI BLAISE;675047113;13/01/2020;CM842401;IWL220;IWL221-01T2194A;17072WL25890039;14289WL22259042;ORANGE;8923.7021.7042.8317.0128
365;LA PARA PHARMACIE ( DEAUMESNIL);EKIE;YAOUNDE;TCHOUAMI Hortense;698567153;17/01/2020;CM850702;IWL220;IWL221-01T2194A;17072WL25889780;;SIERRA;8933.2401.0000.0374.4188
366;LA PARAPHARMACIE (DEAUMESNIL SARL) PK5;Grand Mall;DOUALA;NKOUM ADOLPHE;699616375;23/02/2021;CM850703;Move3500;TWE-31310403C;1,93237E+23;;ORANGE;8923.7022.0092.8046.6936
367;LA PIZZERIA;Bonapriso;DOUALA;NGO MAAH Françoise;691477777;23/01/2020;CM840701;IWL220;IWL221-01T1387A;16209WL24743497;14139WL21756033;ORANGE;8923.7021.7042.8317.0383
368;LA PLAZA;HIPPODROME;YAOUNDE;;699688386;23/01/2020;CM203501;IWL220;IWL221-01T1387A;15290WL23649895;;ORANGE;8923.7021.7023.8195.7024
369;LA SALSA;BASTOS;YAOUNDE;;;16/01/2020;CM201301;IWL220;IWL221-01T1387A;12341WL61352493;;ORANGE;89237021,4093,8428,7876
370;LABOREX ;AKWA;DOUALA;NTOURA;691756050;05/02/2020;CMB71261;IWL220;IWL221-01T1387A;13273WL20936214;15279WL23597724;ORANGE;8923.7021.4093.8552.1442
371;L'AQUARIUS MARINA;YOUPWE;DOUALA;AMOUGOU STEPHANE;699283432;03/02/2020;CM845201;IWL220;IWL221-01T1387A;15290WL23649557;;ORANGE;8923.7021.2051.2143.5848
372;L'ATELIER DU VIN;BONAMOUSSADI;DOUALA;;;09/06/2020;CM845502;IWL220;IWL221-01T2194A;17072WL25889728;;ORANGE;8923.7022.0092.8046.6635
373;L'ATELIER DU VIN;RUE PAU AKWA;DOUALA;;;09/06/2020;CM845501;IWL220;IWL221-01T2194A;17073WL25898483;;ORANGE;8923.7021.8041.8652.4284
374;L'ATELIER DU VIN;BASTOS;YAOUNDE;MAYA MIRIOLE;699999499;27/01/2020;CM845601;IWL220;IWL221-01T1387A;13273WL20936416;14232WL22049967;ORANGE;8923.7021.4093.8552.0804
375;LE  PALACIO ETS;AKWA;DOUALA;NZANGANG LOUIS;696546751;31/05/2021;CM838301;Move3500;TWE-31310403C;1,93237E+23;;WIFI;
376;LE BACCHUS;Etoa Meki;YAOUNDE;NDONGUE VICTOIRE;698598802;21/01/2020;CM848701;IWL220;IWL221-01T2194A;17072WL25889758;14140WL21757935;ORANGE;8923.7021.2051.2101.2035
377;LE BEAUJOLAIS (BOJ);BONANJO;DOUALA;ABIAUNA GEORGE;696018335;30/01/2020;CM201101;Move3500;TWE-31310403C;1,93227E+23;15279WL23597870;NEXTTEL;8923.7040.0274.1669.9863
378;LE BISTRO LATIN;BONAPRISO;DOUALA;KATRIS;661523587;27/01/2020;CM200401;IWL220;IWL221-01T1387A;13274WL20937702;15045WL22729635;ORANGE;8923.7021.4013.9382.4716
379;LE BISTRO LATIN;BONAPRISO;DOUALA;KATRIS;661523587;08/12/2020;CM200402;IWL220;IWL221-01T1387A;16211WL24753100;;BICS;8932.0410.0300.0109.8513
380;LE BOSS ( JEU DE MODE);Avenue Kennedy;YAOUNDE;NZETCHOUANG ;691126566;13/01/2020;CM842402;IWL220;IWL221-01T2194A;17073WL25896567;15279WL23597731;ORANGE;8923.7021.4023.9165.0897
381;LE DRUGSTORE;ANNE ROUGE;YAOUNDE;BELLAN Chimaine;677153776;13/01/2020;CM104903;IWL220;IWL221-01T1387A;14130WL21726064;12333WL61330566;ORANGE;8923.7021.2051.2286.6587
382;LE GRILLADIN;BONAPRISO;DOUALA;KOTTO LARISSA ;694536371;21/02/2020;CM202301;iWL220;IWL221-01T1387A;16350WL25516821;;ORANGE;8923.7021.7011.8718.8560
383;LE JARDIN D'AMY SARL;BONAPRISO;DOUALA;NKENGAFACK MIRIAM;659016100;06/02/2020;CM840301;IWL220;IWL221-01T2194A;17072WL25889844;14235WL22060409;ORANGE;8923.7021.7042.8317.0318
384;LE JARDIN D'AMY SARL;BONAPRISO;DOUALA;NKENGAFACK MIRIAM;659016100;06/02/2020;CM840302;IWL220;IWL221-01T2194A;17072WL25889343;;ORANGE;8923.7021.
385;LE KEURTIS SARL;BONAMOUSSADI;DOUALA;DJOMBI NSOMBI;695959529;15/01/2020;CM999901;iWL220;IWL221-01T1387A;16209WL124744152;16209WL24743286;ORANGE;8923.7021.7023.8195.6893
386;LE KEURTIS SARL;BONAPRISO;DOUALA;TCHAMBA FRANCK;;18/02/2020;CM999902;iWL220;IWL221-01T2194A;17073WL25896554;;ORANGE;8923.7021.4093.8552.0796
387;LE TRAITEUR DU BISTROT;BONAPRISO;DOUALA;KEMACHIM FEDERIQUE;651202626;03/02/2020;CM203901;IWL220;IWL221-01T1387A;14102WL21645893;14289WL22261970;ORANGE;8923.7021.3051.2058.8397
388;LIBYA OIL ELIG ESSONO;ELIG ESSONO;YAOUNDE;NKADA MOLO;696297931;21/01/2020;CMB07501;IWL220;IWL221-01T1387A;14142WL21768233;13260WL20897240;ORANGE;8923.7021.4013.9112.1303
389;LIPACAM SARL;AKWA;DOUALA;CLAUDE   PI;699662908;27/01/2020;CM102201;IWL220;IWL221-01T1387A;15290WL23650025;15279WL23597790;ORANGE;8923.7021.2051.2286.6520
390;LJ SARL;ELIG ESSONO;YAOUNDE;ABE MIREILLE;677603525;17/01/2020;CM952001;IWL220;IWL221-01T1387A;15290WL23649692;15279WL23597842;ORANGE;
391;LOCATION AUTO JOSS(3S MOTORS);BONAPRISO;DOUALA;NANFAH HERVE;694626639;24/01/2020;CM400601;IWL220;IWL221-01T1387A;16209WL24743604;15279WL23597848;ORANGE;8923.7021.2051.2286.6512
392;L'OLYMPIA SARL;Montee Jouvence;YAOUNDE;;699260711;30/01/2020;CM849201;IWL220;IWL221-01T1387A;12341WL61353214;;ORANGE;8923.7021.8042.8401.4323
393;LUXXOR HOTEL;ESSOS CAMP SONEL;YAOUNDE;NGUETSA ETIENNE;655560056;19/03/2021;CM854701;IWL220;IWL221-01T2194A;17072WL25889795;;ORANGE;8923.7021.8041.8052.4011
394;LYNK AFRIQUE;BASTOS;YAOUNDE;DWAIPAYAN;695468052;03/11/2020;CM846001;Move3500;TWE-31310403C;1,93237E+23;;ORANGE;8923.7021.7023.8195.6190
395;MACKLORDD'S;KUMBA;KUMBA;;675818787;07/03/2020;CM762101;IWL220;IWL221-01T1387A;14142WL21768024;15279WL23597824;ORANGE;8923.7021.7023.8195.7099
396;MAHAZA INSTITUT;BONAPRISO;DOUALA;MAHAZA;699304997;03/02/2020;CM837601;IWL220;IWL221-01T2194A;17073WL25896497;;SIERRA;8933.2401.0000.0374.4543
397;MAHIMA BONAMOUSSADI;Bonamoussadi;DOUALA;MANOJ;675297068;12/08/2020;CM836901;Move3500;TWE31310403C;1,93227E+23;;BICS;8932.0410.0300.0109.8521
398;MAIRET & CIE (Restaurant la Terrasse);FACE ART - BASTOS;YAOUNDE;;222226608;23/07/2020;CM852201;IWL220;IWL221-01T1387A;16209WL24743895;;SIERRA;8933.2401.0000.1812.0226
399;MAISON H;Bonapriso;DOUALA;SALIM;656005555;05/08/2020;CM837101;Move3500;TWE-31310403C;1,93157E+23;;BICS;8932.0410.0300.0109.8299
400;MAISON H;Bonapriso;DOUALA;SALIM;656005555;05/08/2020;CM837102;Move3500;TWE-31310403C;1,93237E+23;;BICS;8932.0410.0300.0109.8414
401;MAISON H;Bonapriso;DOUALA;SALIM;656005555;13/01/2020;CM837103;iCT220;ICT220-11T2221A;17145CT26498960;;ETHERNET;
402;MAMA MIA SARL;BONANJO;DOUALA;EWANE GIRESS;673018330;06/02/2020;CM833201;IWL220;IWL221-01T2194A;17072WL25889355;16211WL24755494;SIERRA;8933.2401.0000.0374.4428
403;MANSEL HOTEL;FOUDA;YAOUNDE;;677936141;28/01/2020;CM001001;IWL220;IWL221-01T1387A;15290WL23650178;;ORANGE;8923.7021.2051.2143.3199
404;MANSEL HOTEL;Makepe;DOUALA;MANSEL HOTEL ( MAKEPE PALACE);697148032;02/01/2020;CM004801;iWL220;IWL221-01T1387A;15290WL23650175;;ORANGE;8923.7021.4013.9382.4724
405;MAQUISE RESTAURANT;Bonapriso;DOUALA;;;17/12/2020;CM853901;Move3500;TWE-31310403C;1,93227E+23;;ORANGE;8923.7021.2051.2101.2050
406;MAQUISE RESTAURANT;Bonapriso;DOUALA;;;17/12/2020;CM853902;iWL220;IWL221-01T1387A;14241WL22076296;;ORANGE;8923.7021.2051.2244.4989
407;MEDICO SA( MEDICAL CONSULTANTS);BONAPRISO;DOUALA;LIBOCK AGNES;698163103;27/01/2020;CM797701;IWL220;IWL221-01T1387A;12341WL61352860;15151WL23071451;ORANGE;8923.7021.4093.8552.0900
408;MEGA MODE;WARDA;YAOUNDE;NGOUMJE TONO;677887741;12/02/2020;CM844901;IWL220;IWL221-01T1387A;13274WL20936980;15279WL23597891;ORANGE;8923,7022,0092,8046,6522
409;MELAN'S SARL (5 FOURCHETTES);BONAPRISO;DOUALA;;662406894;24/01/2020;CM797101;IWL220;IWL221-01T1387A;14092WL21601463;;ORANGE;8923.7021.3051.2058.8546
410;MESSAPRESSE;Akwa;DOUALA;-;694962529;07/01/2020;CM105301;iWL220;IWL221-01T1387A;15290WL23650200;;ORANGE;8923.7021.2051.9101.2322
411;MEUMI HOTEL;BASTOS;YAOUNDE;TAYOU CHRISTEL;694020165;22/01/2020;CM834601;IWL220;IWL221-01T1387A;14258WL22137382;15279WL23597800;SIERRA;8933.2401.0000.0374.4386
412;MEUMI PALACE;BASTOS;YAOUNDE;MBAKOP LAURE;697098999;27/01/2020;CM834602;IWL220;IWL221-01T1387A;14187WL21918789;15279WL23597778;ORANGE;8923.7021.2051.2143.3223
413;MICOTEL HOTEL SARL;EDEA;EDEA;MOOH TATIANA;698680462;06/03/2020;CM008001;IWL220;IWL221-01T2194A;17072WL25889308;;ORANGE;8923.7021.4023.9112.1279
414;MIRE WORLD;BASTOS;YAOUNDE;ROSE MANYIMB;222223646;16/01/2020;CM308801;IWL220;IWL221-01T1387A;13273WL20936070;14235WL22060386;ORANGE;8923.7021.2051.2244.4914
415;MOABI SARL;Aeroport;DOUALA;KOUAY UM NGASSAM Rachel;679707726;16/01/2020;CM010001;iWL220;IWL221-01T1387A;16209WL24743320;15279WL23597712;ORANGE;8923.7021.2051.2101.2262
416;MOABI SARL;BONANJO;DOUALA;FOTSO FLORENCE;679706967;05/02/2020;CM010004;IWL220;IWL221-01T1387A;14092WL21604698;15279WL23597787;ORANGE;8923.7021.4093.8552.0986
417;MOABI SARL;ANNE ROUGE;YAOUNDE;Magloire OBAMA;222224648;13/01/2020;CM010002;IWL220;IWL221-01T1387A;14221WL22016079;12333WL61330596;ORANGE;8923.7021.4093.8428.6704
418;MONDOTOUR;AURORE;YAOUNDE;BRIGITE MELANIE;;22/01/2020;CM400201;IWL220;IWL221-01T1387A;14241WL22076503;;ORANGE;8923.7021.2051.2101.0237
419;MONT FEBE;Mont Febe;YAOUNDE;KONG Herman;690641052;06/11/2020;CM834201;Move3500;TWE-31310403C;1,93237E+23;;SIERRA;8933.2401.0000.1812.0440
420;MONT FEBE;Mont Febe;YAOUNDE;KONG Herman;690641052;11/01/2020;CM834202;IWL220;IWL221-01T2194A;17072WL25890065;15279WL23595855;SIERRA;8933.2401.0000.0374.3792
421;MONT FEBE;Mont Febe;YAOUNDE;KONG Herman;690641052;11/01/2020;CM834203;IWL220;IWL221-01T1387A;16209WL24743271;15045WL22729224;SIERRA;8933.2401.0000.0374.4527
422;MORGANE VOYAGE;ELIG ESSONO;YAOUNDE;NGO AUGUSTINE;696462688;21/01/2020;CM845801;IWL220;IWL221-01T2194A;17072WL25889896;;ORANGE;8923.7021.8041.8052.4250
423;MOULIN DE FRANCE;Akwa;DOUALA;;691110000;30/01/2020;CM849801;IWL220;IWL221-01T2194A;17072WL25889423;16208WL24739257;ORANGE;8923.7021.8042.8401.4398
424;MOULIN DE France;Boulevard 20 mai;YAOUNDE;DAYE;242811737;24/01/2020;CM849802;IWL220;IWL221-01T1387A;15290WL23649802;;ORANGE;8923.7021.2051.2286.9045
425;NEPTUNE OIL BASTOS;BASTOS;YAOUNDE;NOAH MARCEL;;14/08/2020;CM801601;Move3500;TWE-31310403C;1,93157E+23;;SIERRA;8933.2401.0000.1812.0200
426;NEPTUNE OIL TROPICANA;TROPICANA;YAOUNDE;;675483534;13/08/2020;CM801602;Move3500;TWE-31310403C;1,93237E+23;;SIERRA;8933.2401.0000.1812.0341
427;NESTLE CAMEROUN;KUMBA;KUMBA;AGBOR JOEL;652562111;07/03/2020;CMB01001;IWL220;IWL221-01T1387A;15290WL23650098;15209WL24743501;ORANGE;8923.7021.7023.8195.7081
428;NEWPORT BALI;Bali;DOUALA;SOM Martin;699257734;15/08/2020;CM847702;Move3500;TWE-31310403C;1,93227E+23;;ORANGE;8923.7021.3103.9176.3067
429;NKOUTCHE SUPER BOY;ANNE ROUGE;YAOUNDE;NDJIATSA GILBERT;650570264;23/01/2020;CM107901;IWL220;IWL221-01T1387A;15156WL23097353;;ORANGE;8923.7022.0092.8046.6647
430;NOUBOU INTERNATIONAL;Ngodi Akwa;DOUALA;EFETI NDIVE;233426151;17/01/2020;CM299901;iWL220;IWL221-01T1387A;14241WL22076213;16060WL24119281;ORANGE;8923.7021.2051.2143.5752
431;NOUBOU INTERNATIONAL;Ngodi Akwa;DOUALA;EFETI NDIVE;691736822;17/01/2020;CM299902;iWL220;IWL221-01T1387A;14226WL22029264;15279WL23597738;ORANGE;8923.7021.2051.2143.5902
432;NOUBOU INTERNATIONAL;Ngodi Akwa;DOUALA;EFETI NDIVE;691736822;09/12/2020;CM299903;iWL220;IWL221-01T2194A;17072WL25889549;;ORANGE;8923,7022,0092,8046,6175
433;NOVOTEL MIZAO ;MAROUA;MAROUA;HAMADOU;699832609;07/03/2020;CM003401;IWL220;IWL221-01T2194A;17072WL25890476;13274WL20937776;ORANGE;8923.7021.2051.2218.2241
434;ONE WORLD BUSINESS;Akwa;DOUALA;BEU Irene Louise;696004099;17/01/2020;CM847901;iWL220;IWL221-01T1387A;16209WL24743841;;ORANGE;8923,7021,4023,9112,1360
435;ONE WORLD BUSINESS;Akwa;DOUALA;NGO BIKOY Beatrice;693610031;17/01/2020;CM847902;iWL220;IWL221-01T2194A;17073WL25896546;15279WL23597757;ORANGE;8923.7021.4093.8428.6654
436;ONE WORLD BUSINESS;ELIG EDZOA;YAOUNDE;DJEUDONG Solange;696454929;27/01/2020;CM847903;IWL220;IWL221-01T1387A;14128WL21717913;;ORANGE;
437;ONE WORLD BUSINESS;TSINGA;YAOUNDE;NTAMACK SUZANNE;698725794;22/01/2020;CM847904;IWL220;IWL221-01T2194A;17072WL25889793;14232WL22049987;ORANGE;8923.7021.3051.2058.8389
438;ORANGE  AEOROPORT;AEOROPORT;DOUALA;;694240065;13/02/2020;CM108503;IWL220;IWL221-01T2194A;17073WL25893857;;ORANGE;8923.7021.7023.8195.6265
439;ORANGE CAMEROUN;BONAPRISO;DOUALA;NANA PRUDENCE;699152330;27/01/2020;CM511101;IWL220;IWL221-01T2194A;17072WL25889534;14142WL21769118;BICS;8932.0410.0300.0109.8505
440;ORANGE CAMEROUN (WORLD T  PLUS SARL);AKWA;DOUALA;TCHOUEME THIERRY;677758052;03/02/2020;CMB05701;IWL220;IWL221-01T1387A;13273WL20936178;14232WL22049955;ORANGE;8923.7021.4013.9314.3612
441;ORANGE NSIMALEN;KENNEDY;YAOUNDE;AMAINA EMERY;;21/02/2020;CM108504;IWL220;IWL221-01T2194A;17072WL25889700;;ORANGE;8923.7021.7023.8195.7677
442;ORANGE SOUDANAISE;AKWA;DOUALA;;699949529;31/01/2020;CM108501;IWL220;IWL221-01T1387A;15290WL23650188;;ORANGE;8923.7021.2051.2218.2357
443;ORANGE SOUDANAISE;AKWA;DOUALA;;699949529;31/01/2020;CM108502;IWL220;IWL221-01T1387A;12341WL61353182;;ORANGE;8923.7021.2051.2218.2373
444;ORCA DOUALA;AKWA RUE JOFFRE;DOUALA;ALI GATIA;694555555;19/03/2021;CM306102;Move3500;TWE-31310403C;1,93237E+23;;ORANGE;8923.7021.7023.8195.7172
445;ORCA YAOUNDE;OMNISPORT;YAOUNDE;CHAHER ALI;699503080;19/03/2021;CM307602;IWL220;IWL221-01T2194A;17072WL25889496;;ORANGE;8923.7021.7023.8195.6976
446;ORCHIDEE FITNESS CLUB;BASTOS;YAOUNDE;NANDA CEDRIC;699034490;16/01/2020;CM770001;IWL220;IWL221-01T1387A;14241WL22076866;14232WL22050041;ORANGE;8923.7021.4093.8552.0846
447;O'SPORT;BONAPRISO;DOUALA;ELOLOG JULIENNE;699244301;03/02/2020;CM501701;IWL220;IWL221-01T1387A;16209WL24744241;15279WL23597814;ORANGE;8923.7021.2051.2143.3116
448;OSS CONSULTING SARL;Bonamoussadi;DOUALA;KOMETCHO JOSIANE;694136521;25/09/2020;CM852801;Move3500;TWE-31310403C;1,93237E+23;;SIERRA;8933.2401.0000.1812.0812
449;PENJA LAND SARL;ESSOS;YAOUNDE;MANI MICHELE;656111122;29/01/2020;CM846801;IWL220;IWL221-01T2194A;17073WL25896586;;ORANGE;8923.7021.8042.8401.4075
450;PETROLE NJO NJO (OLA ENERGY);Bonapriso;DOUALA;HEUMI SABEYA;671308538;14/01/2020;CM211601;iWL220;IWL221-01T1387A;16166WL24545932;15281WL23607361;ORANGE;
451;PHARMACIE  ROYALE;BONAPRISO;DOUALA;;699828028;24/01/2020;CM847001;IWL220;IWL221-01T2194A;17072WL25889749;;ORANGE;8923,7021,2051,2101,0211
452;PHARMACIE 2000;NVEL RTE BASTOS;YAOUNDE;NGONO BLANCHE;682395821;16/01/2020;CM843401;IWL220;IWL221-01T2194A;17073WL25896491;12334WL61332038;ORANGE;8923.7021.2051.2286.6546
453;PHARMACIE ALLIANCE;BASTOS;YAOUNDE;NTSAMA MBALA CLAUDINE MIREILLE;693787535;16/04/2021;CM854901;Move3500;TWE-31310403C;1,93237E+23;;ORANGE;8923.7021.7042.8317.0466
454;PHARMACIE BLEUE PLUS SARL;NGOUSSO;YAOUNDE;CHIABI ROLAND;222211492;28/01/2020;CM898001;IWL220;IWL221-01T1387A;14135WL21746503;15279WL23597696;ORANGE;8923.7021.2051.2101.0278
455;PHARMACIE DE GAULLE;Bonapriso;DOUALA;-;696201408;06/01/2020;CM104801;iWL220;IWL221-01T1387A;15290WL23649984;12333WL61330647;ORANGE;8923.7021.2051.2244.3842
456;PHARMACIE DE SION;Marche Central;YAOUNDE;CHARLOTTE KEMOGNE EPSE WANKO;677166268;24/02/2021;CM854401;iWL220;IWL221-01T1387A;15290WL23650116;;NEXTTEL;8923.7040.0274.1669.9384
457;PHARMACIE DU CENTRE ;AKWA;DOUALA;MATP GRACE;691756050;27/01/2020;CM308901;IWL220;IWL221-01T1387A;14142WL21768060;13361WL21261356;ORANGE;8923.7021.4013.9382.5937
458;PHARMACIE HOPITAL LAQUINTINIE;AKWA;DOUALA;TEYANOU JULES;696173970;21/10/2020;CM852601;Move3500;TWE-31310403C;1,93237E+23;;SIERRA;8933.2401.0000.1812.0473
459;PHARMACIE Kfour Moto George;BASTOS;YAOUNDE;SANGO JEAN;242192827;27/01/2020;CM103801;IWL220;IWL221-01T1387A;16209WL24743165;14142WL21769129;ORANGE;8923.7021.2051.2143.3181
460;PHARMACIE LA BERNADETTE;Dakar;DOUALA;MENROUA ONDHOUA Herve;698802713;16/01/2020;CM847601;iWL220;IWL221-01T2194A;17072WL25890533;15279WL23597865;ORANGE;8923.7021.2051.2286.9022
461;PHARMACIE L'AGORA;Village - Ari;DOUALA;TCHOKOKAM Esther;672933792;16/01/2020;CM846501;iWL220;IWL221-01T2194A;17072WL25890062;15279WL23597834;ORANGE;8923.7021.8042.8401.4034
462;PHARMACIE LE GENERAL;BERTOUA;BERTOUA;ELON HENRI;699537046;06/03/2020;CM206501;IWL220;IWL221-01T2194A;17072WL25889604;;ORANGE;8923.7021.7023.8195.6372
463;PHARMACIE PROVINCIALE;PROVINCE;YAOUNDE;;222209493;23/01/2020;CM842601;IWL220;IWL221-01T1387A;13274WL20937591;14232WL22049905;ORANGE;8923.7021.7042.8317.0193
464;PHARMACIE XAVYO;OLEDZOA;YAOUNDE;TALLA MARIE;222236340;29/01/2020;CM839402;ICT220;ICT220-01T1073F;13226CT20738484;;ETHERNET;
465;PHARMARCIE BRUXELOIS;BERTOUA;BERTOUA;MEGNE TECLAIRE ;;06/03/2020;CM300301;IWL220;IWL221-01T2194A;17073WL25896628;16209WL24744600;ORANGE;8923.7021.7023.8195.636
466;PHARMARCIE MINDILI;ODZA;YAOUNDE;ATEBA MBARGA;222302280;15/01/2020;CM843901;IWL220;IWL221-01T2194A;17072WL25889763;;ORANGE;8923.7021.8041.8052.4375
467;PICCOLA  VENEZIA;BONAPRISO;DOUALA;LOUDINA LAURA;694164659;03/02/2020;CM892101;IWL220;IWL221-01T1387A;16209WL24743241;16209WL24743330;BICS;8932.0410.0300.0109.8075
468;PLANET HOTEL;Akwa;DOUALA;POUGA Elna;694560352;20/01/2020;CM834801;iWL220;IWL221-01T1387A;14142WL21768380;15281WL23607381;ORANGE;8923.7021.4023.9105.8742
469;POLYCLINIQUE EDIMED;BONAPRISO;DOUALA;KAMCHE STEVE;694722652;24/01/2020;CM740001;IWL220;IWL221-01T1387A;15290WL23650004;14233WL22052960;ORANGE;8923.7002.1409.3855.2004
470;PRECIOUS SUNSHINE;SHO;YAOUNDE;EBODE JEAN;699521947;03/02/2020;CM841501;IWL220;IWL221-01T1387A;15290WL23649940;15279WL23597941;ORANGE;8923.7021.7042.8317.0474
471;PRECIOUS SUNSHINE;SHO;YAOUNDE;EBODE JEAN;699521947;03/02/2020;CM841502;IWL220;IWL221-01T1387A;14241WL22076194;14144WL21777324;ORANGE;8923.7021.2051.2100.3018
472;PRINNA SARL (ASTORIA PALACE);AKWA;DOUALA;MBOULE NATHALIE;691929346;31/01/2020;CM007001;IWL220;IWL221-01T1387A;13273WL20936311;13274WL20937800;ORANGE;8923.7021.2051.2218.2308
473;PROMOTION DE LA SANTE;ECOLE POSTE;YAOUNDE;NGAM HORTENSE;243525275;03/02/2020;CM799701;IWL220;IWL221-01T1387A;14142WL21768147;;ORANGE;8923.7021.2051.2218.2258
474;PROVIDENCE DISTRIBUTION;INTENDANCE;YAOUNDE;NGUIMTSOP GAEL;691090936;21/01/2020;CM306201;IWL220;IWL221-01T2194A;17073WL25896580;15329WL23797133;ORANGE;8923,7021,2051,2244,3882
475;QUIFFEUROU;BONAMOUSSADI;DOUALA;SOH PATRICE;699961638;03/02/2020;CM307801;IWL220;IWL221-01T1387A;13274WL20937517;16209WL24743763;ORANGE;8923.7021.7023.8195.6448
476;QUIFFEUROU;AKWA;DOUALA;MAYONGAING FLORE;694199218;12/02/2020;CM307802;iWL220;IWL221-01T1387A;15290WL23649928;;ORANGE;8923.7021.4093.8404.6660
477;RELIANCE;SOLEIL;YAOUNDE;DEEPA;676324816;24/01/2020;CM440001;IWL220;IWL221-01T1387A;13273WL20936422;15279WL23597741;ORANGE;8923,7022,0092,8046,6639
478;RELIANCE;CAPITOL;YAOUNDE;RAMESH;222230928;24/01/2020;CM440002;IWL220;IWL221-01T2194A;17073WL25896439;16004WL23117698;SIERRA;8933.2401.0000.0374.4626
479;RELIANCE;SOLEIL;YAOUNDE;DEEPAK;;12/02/2020;CM440003;IWL220;IWL221-01T1387A;16166WL24545724;;ORANGE;8923.7021.2051.2101.0286
480;RELOOK FASHION SARL;BONAPRISO;DOUALA;FAWA SALOMON;650304074;06/02/2020;CM842801;IWL220;IWL221-01T2194A;17073WL25896530;;ORANGE;8923.7021.7042.8317.0201
481;RENTAL TRAVEL;BONANJO;DOUALA;SAPP FRANK;690810604;06/02/2020;CM833601;IWL220;IWL221-01T1387A;13274WL20937512;14140WL21747595;ORANGE;8923.7021.3051.2058.8348
482;RESTAURANT GRANDE MARMITE;BALI-BONAPRISO;DOUALA;MBAMTI BERNARD;659374341;05/02/2020;CM200701;IWL220;IWL221-01T1387A;12341WL61352408;;SIERRA;8933.2401.0000.0374.4568
483;RESTAURANT LE  NORMALIEN;ENS;YAOUNDE;BILOA BRIGITTE;677077676;03/02/2020;CM840101;IWL220;IWL221-01T2194A;17073WL25896644;14235WL22060357;ORANGE;8923.7021.3051.2058.8355
484;RESTAURANT LE PARADISE;BONAPRISO;DOUALA;NTOLO JUDITH;696564184;24/01/2020;CM201901;IWL220;IWL221-01T1387A;15290WL23849577;15328WL23792945;ORANGE;8923.7021.2051.2153.5852
485;ROUSSEAU INTERNATIONAL SCHOOL;BONAPRISO;DOUALA;ANGOBE QUINABLE;679929598;04/03/2020;CM851201;IWL220;IWL221-01T1387A;14241WL22070502;;BICS;8932.0410.0300.0109.8059
486;S H N C HOTEL TRANSCAM;NGAOUNDERE;NGAOUNDERE;HAGASSOU ALBERT;969039568;07/03/2020;CM003701;IWL220;IWL221-01T1387A;14130WL21726083;;SIERRA;8933.2401.0000.0374.4204
487;SAE SARL;BEACH;DOUALA;;699883634;13/02/2020;CM307701;IWL220;IWL221-01T1387A;16209WL24743608;;ORANGE;8923.7021.4023.9164.7596
488;SAFFANA HOTEL;Total Axe lourd;DOUALA;MINKEU Line;695447500;16/01/2020;CM007601;iWL220;IWL221-01T1387A;14241WL22076186;14228WL22039559;ORANGE;8923.7021.4013.9382.4245
489;SAGA AFRICA;Akwa;DOUALA;;696001832;30/01/2020;CM203201;IWL220;IWL221-01T1387A;15287WL23637477;15281WL23607304;ORANGE;8923,7021,8042,8401,4497
490;Sami Yani Group;Bonapriso;DOUALA;Takang AYUK Ruth;690319108;13/01/2020;CM844301;iWL220;IWL221-01T2194A;17073WL25896653;;ORANGE;
491;SAVOY PALMS HOTEL;Limbe;LIMBE;ADAMU William;677979647;11/01/2020;CM003301;iWL220;IWL221-01T2194A;17072WL25889512;;ORANGE;8923,7022,0092,8046,6241
492;SCATIA (Goodies);Bonapriso;DOUALA;-;677070348;06/01/2020;CM206801;iWL220;IWL221-01T1387A;15287WL23637473;;NEXTTEL;8923.7040.0274.1669.917
493;SCI COCONUT GROVE;AKWA;DOUALA;DJIAGNI VANESSA;690466848;27/01/2020;CM817101;IWL220;IWL221-01T1387A;13274WL20937761;15279WL23597579;ORANGE;8923.7021.8041.8052.4219
494;SCI IMMO 2000;AKWA;DOUALA;FONGJA;699948996;07/04/2021;CM854801;Move3500;TWE-31310403C;1,93237E+23;;ORANGE;8923.7021.2051.2100.3067
495;SCI SOTRADIC;BONAPRISO;DOUALA;DOMGNO WILLIAM;690329427;24/01/2020;CM848001;IWL220;IWL221-01T2194A;17073WL25896498;;ORANGE;8923.7021.4093.8428.7802
496;SCI SOTRADIC( RESIDENCE LE CARAT);AKWA;DOUALA;TCHANABOU MARIE;233424361;30/01/2020;CM008201;IWL220;IWL221-01T1387A;14241WL22076760;14137WL21748773;ORANGE;8923.7021.4013.9382.5942
497;SCI S-REGINA;BONAMOUSSADI;DOUALA;KENTSA CARINE;670265048;01/02/2021;CM854201;iWL220;IWL221-01T2194A;17073WL25896489;;ORANGE;8923.7021.4093.8428.7801
498;SCIG;AKWA;DOUALA;EKWALLA SIMONE;699888806;01/10/2020;CM306101;Move3500;TWE-31310403C;1,93227E+23;;ORANGE;8923.7021.2051.2244.4989
499;SCIG (NUMERO UNO);MARCHE Central;YAOUNDE;ALI HAMEDI;656560056;29/01/2020;CM307601;IWL220;IWL221-01T1387A;14241WL22076400;14140WL21757665;ORANGE;
500;SEICA SARL;BAFOUSSAM;BAFOUSSAM;;;08/12/2020;CM301701;IWL220;IWL221-01T1387A;15281WL23604322;;NEXTTEL;8923.7040.0274.1669.9483
501;SG GAROUA FIGUIL;FIGUIL;GAROUA;;;25/02/2020;CMC91001;iWL220;IWL221-01T1387A;13273WL20936402;;SIERRA;8933.2401.0000.0374.3883
502;SIPAL ;AKWA;DOUALA;TEMGOUA NORBERT;694538339;03/02/2020;CM816801;IWL220;IWL221-01T1387A;15290WL23649884;16209WL24743961;ORANGE;8923.7021.5043.9692.4852
503;SIPAL ;AKWA;DOUALA;TEMGOUA NORBERT;694538339;03/02/2020;CM816802;IWL220;IWL221-01T1387A;15290WL23650032;15279WL23597765;ORANGE;8923.7021.5043.9692.4860
504;SKY GARDEN HOTEL;BAFOUSSAM;BAFOUSSAM;DINI GLORY;654065824;06/03/2020;CM842501;IWL220;IWL221-01T2194A;17073WL25896571;;ORANGE;8923.7021.2051.2218.2332
505;SNC PULLMAN;Bonanjo;DOUALA;DJOMOU James;694476484;19/12/2019;CM009001;iWL220;IWL221-01T1387A;14241WL22076824;12349WL61392389;NEXTTEL;8923.7040.0274.1669.5606
506;SNC PULLMAN;Bonanjo;DOUALA;DJOMOU James;694476484;19/12/2019;CM009002;iWL220;IWL221-01T2194A;17073WL25896673;14232WL22049950;NEXTTEL;8923.7040.0274.1669.5614
507;SNC PULLMAN;Bonanjo;DOUALA;DJOMOU James;694476484;19/12/2019;CM009003;iCT220;ICT220-11T2221A;17145CT26498386;;ETHERNET;
508;SOACAM BEL ACHAT BONAPRISO;BONAPRISO;DOUALA;ABOUBAKAR ADAMOU;695090509;10/08/2020;CM591603;Move3500;TWE-31310403C;1,93157E+23;;ORANGE;8923.7022.0092.8046.6399
509;SOACAM BEL ACHAT BONAPRISO;BONAPRISO;DOUALA;ABOUBAKAR ADAMOU;695090509;10/08/2020;CM591604;Move3500;TWE-31310403C;1,93237E+23;;ORANGE;8923.7022.0092.8046.6399
510;SOACAM BEL ACHAT NDOKOTTI;NDOKOTTI;DOUALA;;697557957;12/08/2020;CM591601;Move3500;TWE-31310403C;1,93227E+23;;BICS;8932.0410.0300.0109.823
511;SOACAM BEL ACHAT NDOKOTTI;NDOKOTTI;DOUALA;;697557957;12/08/2020;CM591602;Move3500;TWE-31310403C;1,93237E+23;;BICS;8932.0410.0300.0109.837
512;SO'BBQ RESTAURANT SARL;BONAPRISO;DOUALA;TASSING LYNDA;655114522;24/01/2020;CM846401;IWL220;IWL221-01T2194A;17073WL25896458;;ORANGE;8923.7021.8041.8052.4102
513;SOCADI;AXE LOURD BONATEKI;DOUALA;MME TSAFACK;674875800;13/02/2020;CM837701;IWL220;IWL221-01T2194A;17072WL25889721;;ORANGE;8923.7021.7023.8195.7727
514;SOCIETE LE ' C ( RESTAURANT LE ' C);Bonapriso;DOUALA;Marie Françoise NOAH;696827972;15/01/2020;CM203801;iWL220;IWL221-01T1387A;12341WL61352541;14289WL2221962;ORANGE;8923.7021.2051.2244.4955
515;SOCIETE NATIONALE DE COMMERCE;ELIG ESSONO;YAOUNDE;THIERY MAIXENT;677786345;21/01/2020;CM430101;IWL220;IWL221-01T1387A;15290WL23649629;17197WL26401308;ORANGE;8923.7021.3051.2058.8306
516;SOCINT;TSINGA;YAOUNDE;MBOMO NADEGE;699887902;22/01/2020;CM100501;IWL220;IWL221-01T1387A;15156WL23097305;13079WL20326816;ORANGE;8923.7021.7023.8195.6984
517;SOFITOUL;BONAPRISO;DOUALA;KANOUO JOSIANE;697902652;27/01/2020;CM404401;IWL220;IWL221-01T1387A;12357WL614;13260WL20897187;ORANGE;8123.7012.3051.2058.8405
518;SOFITOUL;BASTOS;YAOUNDE;NGO PASCALE;675085591;22/01/2020;CM404301;IWL220;IWL221-01T1387A;14241WL22076467;15279WL23597751;ORANGE;8123.7021.2051.2100.3042
519;SOGEAP;BASTOS;YAOUNDE;;222204059;20/01/2020;CM004301;IWL220;IWL221-01T1387A;14241WL22076772;15279WL23597920;ORANGE;8923.7021.4013.9314.3778
520;SOMATEL;AURORE;YAOUNDE;AUGUSTIN ZEBAZE;222209536;22/01/2020;CM000501;IWL220;IWL221-01T1387A;13273WL20936190;13274WL20937914;ORANGE;8923.7021.4093.8428.7852
521;SOMATEL HOTEL;Bali;DOUALA;NGANN YONG Roland;698006447;22/01/2020;CM002701;iWL220;IWL221-01T1387A;15290WL23650208;14142WL21768974;ORANGE;8923.7021.4093.8428.7852
522;SONECO;OMNISPORT;YAOUNDE;DJEUTHUANG;;13/08/2020;CM835901;Move3500;TWE-31310403C;1,93237E+23;;SIERRA;8933.2401.0000.1811.9012
523;SONODI KADO BONAKOUAMOUANG;BONAKOUAMOUANG;DOUALA;;;10/08/2020;CM103804;Move3500;TWE-31310403C;1,93237E+23;;ORANGE;8923.7021.2051.2218.2274
524;SONODI KADO BONAMOUSSADI;Bonamoussadi;DOUALA;TADJUIDJI NKOUAN;650793988;12/08/2020;CM103803;Move3500;TWE-31310403C;1,93237E+23;;NEXTTEL;8923.7040.0274.1669.5671
525;SONODI KADO BONAPRISO;Bonapriso;DOUALA;-;696061821;10/08/2020;CM103802;Move3500;TWE-31310403C;1,93157E+23;;ORANGE;8923.7022.0092.8046.6258
526;SOREPCO BEACH;BEACH;DOUALA;RODRIGUE    B;659503301;28/01/2020;CM570001;IWL220;IWL221-01T1387A;15156WL23097316;16210WL24744653;ORANGE;8923.7021.4013.9382.5861
527;SOREPCO SA AKWA SHOWROOM;AKWA;DOUALA;FOTUE CELESTIN;691923064;30/01/2020;CM816402;IWL220;IWL221-01T1387A;14142WL21768180;14235WL22060240;ORANGE;8923.7021.2051.2101.0452
528;SOREPCO SA BONAMOUSSADI;BONAMOUSSADI;DOUALA;TCHEUGAM GAELLE;675147067;03/02/2020;CM570002;IWL220;IWL221-01T1387A;16209WL24743921;14140WL21757657;ORANGE;8923.7021.4023.9112.1332
529;SOREPCO SA CORON;CORON;YAOUNDE;NGANSO FRANCIS;699877740;15/01/2020;CM570006;IWL220;IWL221-01T1387A;16065WL24138515;16060WL24119379;ORANGE;8923.7021.4093.8428.7140
530;SOREPCO SA MOKOLO;MOKOLO;YAOUNDE;GUIAKAM NINA;691410761;03/02/2020;CM816401;IWL220;IWL221-01T1387A;12341WL61352860;14235WL22060249;ORANGE;8923.7021.4013.9382.5887
531;SOULIER D'OR;AKWA;DOUALA;WANJA MARIE;699939784;05/02/2020;CM102901;IWL220;IWL221-01T1387A;16209WL24744276;15279WL23597939;ORANGE;8923.7021.4093.8552.0895
532;SOULIER D'OR;ANNE ROUGE;YAOUNDE;NGANGUE;690322106;13/01/2020;CM102903;IWL220;IWL221-01T1387A;14142WL21768132;13274WL20938351;ORANGE;8923.7022.0092.8046.6605
533;SPAR KRIBI;KRIBI;KRIBI;;696793203;06/03/2020;CM838702;ICT220;ICT220-01T2221A;17145CT26498134;;ETHERNET;
534;STARDUST CAFE;Bonapriso;DOUALA;NJENSSU Robert;679976071;20/01/2020;CM752001;iWL220;IWL221-01T1387A;13274WL20936985;15045WL22729863;ORANGE;8923.7021.4093.8428.6761
535;STE LYNK AFRIQUE;Bonapriso;DOUALA;NEN Francis;677316261;15/01/2020;CM837001;iWL220;IWL221-01T2194A;17072WL125889762;;BICS;8932.0410.0300.0109.8513
536;STELLA;PONT DE LA GARE;YAOUNDE;NYAMBONE Larissa;;28/01/2020;CM207401;IWL220;IWL221-01T1387A;12341WL61352900;15289WL23607315;ORANGE;8923.7021.8093.8428.7728
537;STORY LOUNGE;POLYTECH;YAOUNDE;CHENDJOU CLAUDE;699670492;03/02/2020;CM836101;IWL220;IWL221-01T1387A;15290WL23650020;16211WL24756039;ORANGE;8923.7021.4023.9164.7638
538;STUDIO L ;BASTOS;YAOUNDE;BAYIHA EMMANUEL;683879048;28/07/2020;CM852101;IWL220;IWL221-01T2194A;17072WL25889676;;SIERRA;8933.2401.0000.1812.0218
539;SUPER BAZAR;Avenue Kennedy;YAOUNDE;FOTSO Gabriel;650570266;13/01/2020;CM892801;IWL220;IWL221-01T1387A;15290WL23649603;14232WL22049941;ORANGE;8923.7021.4023.9165.0871
540;SUPER U BALI;Bali;DOUALA;;233424795;13/08/2020;CM600001;Move3500;TWE-31310403C;1,93227E+23;;BICS;8932.0410.0300.0109.7929
541;SUPER U BALI;Bali;DOUALA;-;-;13/08/2020;CM600003;Move3500;TWE-31310403C;1,93237E+23;;BICS;8932.0410.0300.0109.7838
542;SUPER U BALI;Bali;DOUALA;-;-;13/08/2020;CM600004;Move3500;TWE-31310403C;1,93237E+23;;ORANGE;8923,7021,7023,8195,6802
543;SUPER U BALI;Bali;DOUALA;-;-;13/08/2020;CM600005;Move3500;TWE-31310403C;1,93237E+23;;NEXTTEL;8923.7040.0274.1669.7945
544;SUPER U BALI;Bali;DOUALA;-;-;13/08/2020;CM600006;Move3500;TWE-31310403C;1,93237E+23;;BICS;8932.0410.0300.0109.7861
545;SUPER U BALI;Bali;DOUALA;-;-;13/08/2020;CM600008;Move3500;TWE-31310403C;1,93237E+23;;BICS;8932.0410.0300.0109.7879
546;SUPER U BALI;Bali;DOUALA;-;-;13/08/2020;CM600009;Move3500;TWE-31310403C;1,93237E+23;;NEXTTEL;8923.7040.0274.1669.5648
547;SUPER U BALI;Bali;DOUALA;-;-;13/08/2020;CM600010;Move3500;TWE-31310403C;1,93237E+23;;BICS;8932.0410.0300.0109.7895
548;SUPER U BALI;Bali;DOUALA;-;-;13/08/2020;CM600017;Move3500;TWE-31310403C;1,93237E+23;;ORANGE;8923.7022.0092.8046.6431
549;SUPER U BALI;Bali;DOUALA;;;13/08/2020;CM600018;Move3500;TWE-31310403C;1,93237E+23;;NEXTTEL;8923.7040.0274.1669.7846
550;SUPER U BONAMOUSSADI;Bonamoussadi;DOUALA;-;-;28/07/2020;CM600013;Move3500;TWE-31310403C;1,93237E+23;;NEXTTEL;8923.7040.0274.1669.5630
551;SUPER U BONAMOUSSADI;Bonamoussadi;DOUALA;-;-;28/07/2020;CM600014;Move3500;TWE-31310403C;1,93237E+23;;BICS;8932.0410.0300.0109.3392
552;SUPER U BONAMOUSSADI;Bonamoussadi;DOUALA;-;-;23/12/2019;CM600016;iWL220;IWL221-01T1387A;16209WL24743265;19279WL23597447;NEXTTEL;8923.7040.0274.1669.9830
553;TALOTEL ;BAFOUSSAM;BAFOUSSAM;;699994960;06/03/2020;CM843801;IWL220;IWL221-01T2194A;17072WL25889366;;ORANGE;8923.7021.8041.8052.4243
554;TCHERO HOTEL SARL;BONANJO;DOUALA;TALTON ROMEO;;06/02/2020;CM006001;IWL220;IWL221-01T1387A;16209WL24743178;15045WL22724921;ORANGE;8923.7021.2051.2143.5897
555;TELEC SERVICE;INTENDANCE;YAOUNDE;GERMAIN DJEMENI;699513497;24/01/2020;CM841601;IWL220;IWL221-01T1387A;13084WL20337911;;ORANGE;8923.7021.8041.8052.4078
556;THE ADDRESS;Bonamoussadi;DOUALA;-;693339986;13/01/2020;CM841001;iWL220;IWL221-01T1387A;15290WL23650003;;ORANGE;
557;THE ADDRESS( YORO JOSS);BONAMOUSSADI;DOUALA;FEDOM NELLY ;696268622;22/05/2020;CM841002;IWL220;IWL221-01T2194A;17073WL25896579;;ORANGE;8923.7021.4093.8404.8120
558;THE BURGER BAR;BASTOS;YAOUNDE;BIHINA PATRICE;656065151;27/01/2020;CM849701;IWL220;IWL221-01T2194A;17073WL25896469;;ORANGE;8923.7021.2051.2101.0443
559;THE BURGER BAR;;YAOUNDE;BIHINA PATRICE;656065151;26/11/2020;CM849702;IWL220;IWL221-01T2194A;17072WL25889251;;SIERRA;8933.2401.0000.0374.4212
560;THE FAMOUS SARL;BASTOS;YAOUNDE;LOUMGAM CAROLE;656898001;21/01/2020;CM850801;IWL220;IWL221-01T2194A;17073WL25896615;;ORANGE;8923.7021.2051.2244.3924
561;THE LUXURY SHOP;AKWA;DOUALA;EFANGOUE SERAPHINE;699474040;12/02/2020;CM105201;iWL220;IWL221-01T1387A;15290WL23649993;;ORANGE;8923.7021.4023.9165.0863
562;TIMING MARKETING & CONSULTING ;BONANJO;DOUALA;KADJI;695538278;12/03/2020;CM839001;IWL220;IWL221-01T2194A;17072WL25889751;;ORANGE;8923.7021.6021.8644.2646
563;TIMING MARKETING & CONSULTING ;BONANJO;DOUALA;KADJI;695538278;12/03/2020;CM839002;IWL220;IWL221-01T1387A;13273WL20936309;;SIERRA;8933.2401.0000.0374.3875
564;TOTAL AKWA 1 & 2;Akwa;DOUALA;ZOLLO Emile;694016159;20/01/2020;CM805201;iWL220;IWL221-01T2194A;17073WL25896303;16209WL24744467;ORANGE;8923.7021.8041.8052.4185
565;TOTAL BAFANG CENTRE;BAFANG;BAFANG;MHGNE HONORINE;697004774;06/03/2020;CM803301;IWL220;IWL221-01T2194A;17073WL25896536;;NEXTTEL;8923.7040.0274.1669.8519
566;TOTAL BITENG;BITENG;YAOUNDE;MENOUNGA;699740815;13/02/2020;CM803801;IWL220;IWL221-01T1387A;14241WL22076750;13079WL20327225;ORANGE;8923.7021.3051.2036.1746
567;TOTAL BIYEMASSI 1;BIYEMASSI;YAOUNDE;NYANGO EKAME;696769928;30/01/2020;CM805701;IWL220;IWL221-01T1387A;15290WL23649875;;ORANGE;8923.7021.4023.9164.9154
568;TOTAL BIYEMASSI 2;BIYEMASSI;YAOUNDE;Tchakoute jeannette;699756112;30/01/2020;CM805801;IWL220;IWL221-01T1387A;15290WL23649738;;ORANGE;8923.7021.6021.8782.4792
569;TOTAL BOJONGO;Bojongo;DOUALA;EBONGUE;699444203;07/01/2020;CM805901;iWL220;IWL221-01T1387A;16209WL24743257;;ORANGE;8923.7021.4023.9165.8732
570;TOTAL BONABERI 1;Bonaberi (Ancienne route);DOUALA;Mbouobouo Soullemanou;697103399;07/01/2020; CM802401;iWL220;IWL221-01T1387A;14241WL22076413;;ORANGE;8923.7021.2051.2286.9062
571;TOTAL BONAMOUSSADI;Bonamoussadi;DOUALA;TCHOUAHA;690264435;12/08/2020;CM802502;iWL220;IWL221-01T1387A;14241WL22076533;;ORANGE;8923,7022,0092,8046,6456
572;TOTAL BONIS;BONIS;BERTOUA;SASUE GUTENBERT;699472314;06/03/2020;CM811202;IWL220;IWL221-01T2194A;17073WL25896306;;ORANGE;8923.7021.7023.8195.6356
573;TOTAL BOULEVARD PRESIDENTIEL;NLONGKAK;YAOUNDE;NGOA;;27/01/2020;CM803001;IWL220;IWL221-01T1387A;14241WL22076193;;ORANGE;
574;TOTAL BOUTIQUE STAND ALONE;Bonapriso;DOUALA;EDOUBE Agnés;699628884;15/01/2020;CM732101;iWL220;IWL221-01T1387A;15290WL23649933;;ORANGE;8923.7021.4093.8428.7182
575;TOTAL DANG;DANG NGAOUNDERE;NGAOUNDERE;;;07/03/2020;CM803501;IWL220;IWL221-01T2194A;17072WL25889528;;ORANGE;8923.7021.7023.8195.6323
576;TOTAL DIBAMBA;Dibamba;DOUALA;KAMWA Armand;694161683;14/09/2020;CM847801;Move3500;TWE-31310403C;1,93237E+23;;BICS;8932.0410.0300.0109.7663
577;TOTAL DJOUNGOLO;PONT DE LA GARE;YAOUNDE;TALLA ;699840295;28/01/2020;CM806301;IWL220;IWL221-01T1387A;15290WL23650108;;ORANGE;8923.7021.4023.9165.0848
578;TOTAL ESSOS;ESSOS;YAOUNDE;ADA MBALA;;29/01/2020;CM806501;IWL220;IWL221-01T1387A;14241WL22076208;14140WL21757715;ORANGE;8923.7021.4023.9165.0921
579;TOTAL FOCH;BONAKOUAMOUANG;DOUALA;;;13/02/2020;CM806601;IWL220;IWL221-01T1387A;15290WL23650083;16120WL24342842;ORANGE;8923.7021.7023.8195.7032
580;TOTAL GAROUA;GAROUA;GAROUA;MAMOUDOU BOUBA;699729841;07/03/2020;CM807001;IWL220;IWL221-01T2194A;17073WL25896504;;ORANGE;8923.7021.4023.9165.0939
581;TOTAL GAROUA BOULAI;GAROUA BOULAI;GAROU BOULAI;;676978907;15/04/2020;CM803901;IWL220;IWL221-01T1387A;14241WL22076547;;ORANGE;8923.7021.7023.8195.6786
582;TOTAL IMPERIAL;OLEDZOA;YAOUNDE;MOMISE FELIX;699435145;29/01/2020;CM211301;IWL220;IWL221-01T1387A;15290WL23649756;;ORANGE;8923.7021.4023.9112.1312
583;TOTAL JAMOT;2 Eglise;DOUALA;TANGA Alain;699331452;17/01/2020;CM807201;iWL220;IWL221-01T1387A;14241WL22076836;12333WL61330767;ORANGE;8923.7021.4023.9165.0905
584;TOTAL KRIBI;KRIBI;KRIBI;MAHOP XANION;694102399;06/03/2020;CM802701;IWL220;IWL221-01T2194A;17072WL25890597;14081WL21549580;ORANGE;8923.7021.7023.8195.6349
585;TOTAL LIMBE 1;Limbe;LIMBE;DJOUM JUSTIN;695826439;07/03/2020;CM807401;iWL220;IWL221-01T2194A;17072WL25889705;16066WL24210117;ORANGE;8923.7021.7023.8195.6885
586;TOTAL LIMBE 2;Limbe;LIMBE;AZAOMOH Calips;675264478;07/03/2020;CM807501;iWL220;IWL221-01T2194A;17072WL25889524;;ORANGE;
587;TOTAL LOGPOM;Logpom;DOUALA;-;696886543;02/01/2020;CM846301;iWL220;IWL221-01T2194A;17073WL25896819;16209WL24743737;ORANGE;8923.7021.8041.8052.4268
588;TOTAL MAKEPE;Makepe;DOUALA;ESSOUCK Marlyse;699586244;12/08/2020;CM803701;Move3500;TWE-31310403C;1,93227E+23;;BICS;8932.0410.0300.0109.8547
589;TOTAL MANDJOU;MANDJOU;BERTOUA;NDINGUE GERMAIN;699515910;06/03/2020;CM803401;IWL220;IWL221-01T2194A;17073WL25896534;;ORANGE;8923.7021.3051.2058.8413
590;TOTAL MIMBOMAN;MIMBOMAN;YAOUNDE;SIEWE ARIOSTE;699354692;29/01/2020;CM808701;IWL220;IWL221-01T2194A;17073WL25896460;;ORANGE;8923.7021.4023.9164.9147
591;TOTAL NDOGBONG;Ndogbong (Zachman);DOUALA;MOUKOKO ESSONE Marthe;699956091;08/01/2020;CM804101;iWL220;IWL221-01T1387A;14241WL22076846;13260WL2087272;ORANGE;8923.7021.3051.2036.1702
592;TOTAL NEUILLY;Bonanjo;DOUALA;NDASSAH;696524980;07/08/2020;CM808801;Move3500;TWE-31310403C;1,93157E+23;;NEXTTEL;8923.7040.0274.1669.9889
593;TOTAL NGOUSSO;NGOUSSO;YAOUNDE;MARI CELINE;;13/08/2020;CM802901;Move3500;TWE-31310403C;1,93227E+23;;SIERRA;8933.2401.0000.1812.0978
594;TOTAL NKOMKANA 1;MKOMKANA;YAOUNDE;MEPILE ARMEL;693746393;31/01/2020;CM809001;IWL220;IWL221-01T1387A;15290WL23649788;;ORANGE;8923.7021.7023.8195.6101
595;TOTAL NOMAYOS;NOMAYOS;YAOUNDE;NGOO;697710137;13/08/2020;CM804401;Move3500;TWE-31310403C;1,93237E+23;;SIERRA;8933.2401.0000.1812.0119
596;TOTAL NSIMEYONG;NSIMEYONG;YAOUNDE;ELANGA;694401134;30/01/2020;CM803201;IWL220;IWL221-01T1387A;14095WL21619602;;BICS;8932.0410.0300.0109.835
597;TOTAL ODZA;ODZA;YAOUNDE;MBOC PARFAITE;699284895;15/01/2020;CM811101;IWL220;IWL221-01T1387A;16209WL24744215;14233WL22052939;ORANGE;8923.7021.4013.9382.5994
598;TOTAL REUNIFICATION;DEIDO;DOUALA;ED NGUZ;696109055;05/02/2020;CM809301;IWL220;IWL221-01T1387A;16209WL24743634;16120WL24342913;ORANGE;8923.7021.7023.8195.7180
599;TOTAL TSINGA;TSINGA;YAOUNDE;MBIAYING JULES;699782998;22/01/2020;CM809601;IWL220;IWL221-01T1387A;14241WL22076812;;ORANGE;8923.7021.4023.9164.9162
600;TOTAL WOURI 1;ROND POINT;DOUALA;SONFACK;699958273;05/02/2020;CM809701;IWL220;IWL221-01T1387A;15290WL23649812;;ORANGE;8923.7021.4023.9164.9170.
601;TOUNGOU HOTEL;Etoa Meki;YAOUNDE;FOKOU SOPHIE;697237322;21/01/2020;CM847301;IWL220;IWL221-01T2194A;17073WL25896299;13079WL20826997;ORANGE;8923.7021.4093.8404.8104
602;TOURISTIQUE EXPRESS;AKWA;DOUALA;;655254040;03/02/2020;CM799401;IWL220;IWL221-01T2194A;17072WL25889950;16209WL24744050;ORANGE;8923.7021.7023.819
603;TRACTAFRIC MOTORS;KM5;DOUALA;JIEUGANG EMILIE;698106800;11/03/2020;CM402901;IWL220;IWL221-01T1387A;12341WL61352521;;ORANGE;8923.7021.2051.2244.4963
604;TRACTAFRIC MOTORS;KM5;DOUALA;PENKA STEPHANIE;233378083;22/09/2020;CM402902;Move3500;TWE-31310403C;1,93227E+23;;ORANGE;8923.7021.8042.8401.4018
605;TRACTAFRIC MOTORS;CORON;YAOUNDE;TCHOUAFFE VERONIQUE;233378083;23/09/2020;CM402903;Move3500;TWE-31310403C;1,93237E+23;;SIERRA;8933.2401.0000.1812.0416
606;UNION ADVENTISTE;HIPPODROME;YAOUNDE;TETE SABANANG;222220230;23/01/2020;CM845401;IWL220;IWL221-01T1387A;15290WL23649921;15279WL23597854;ORANGE;8923.7021.2051.2143.5798
607;VERA CENTER;MARCHE Central;YAOUNDE;KENNE NICOLE;675220721;24/01/2020;CM511201;IWL220;IWL221-01T1387A;15156WL23097322;14142WL21769008;ORANGE;8923.7021.4023.9165.8767
608;WDC SARL;Molyko;BUEA;ANDREAS HARDING;677442080;20/02/2021;CM854301;iWL220;IWL221-01T1387A;14241WL22076762;;ORANGE;8923.7022.0092.8046.6902
609;WENAS SERVICE;DERRIERE TRADEX BASTOS;YAOUNDE;MESSINA VANESSA;;;CM853001;IWL220;IWL221-01T2194A;17072WL25889658;;ORANGE;8923.7021.8041.8052.4466
610;WHITE HOUSE BASTOS;BASTOS;YAOUNDE;MBAH HENRIETTA;676697678;22/01/2020;CM850301;IWL220;IWL221-01T1387A;15290WL23649606;13275WL20940193;ORANGE;8923.7021.3051.2036.1696
611;WHITE HOUSE BONAMOUSSADI;Bonamoussadi;DOUALA;-;233431095;10/01/2020;CM846602;iCT220;ICT220-11T2221A;17145CT26499036;;ETHERNET;
612;WHITE HOUSE BONAPRISO;Bonapriso;DOUALA;Louis Claire;676687495;20/01/2020;CM839901;iWL220;IWL221-01T1387A;16209WL24744198;;ORANGE;8923.7021.2051.2143.6358
613;WORLD PHARMACY;NLONGKAK;YAOUNDE;DAMBOVE Rostand;670116014;27/01/2020;CM837501;IWL220;IWL221-01T2194A;17072WL25889889;;ORANGE;8923.7022.0092.8046.6589
614;WORLD T PLUS SARL;AKWA;DOUALA;TCHOUEME THIERRY;677758052;03/02/2020;CM008101;IWL220;IWL221-01T1387A;15290WL23649750;13275WL20940225;ORANGE;8923.7021.4093.8428.7066
615;YAAHOT;PROVINCE;YAOUNDE;KAH BECKY;651081439;23/01/2020;CM844401;IWL220;IWL221-01T2194A;17072WL25890418;13079WL20326816;ORANGE;8923.7021.8041.8052.4326
616;AXA CAMEROUN;RUE AEROPORT;DOUALA;MAGNE ALIDA;696669150;03/06/2021;CM307302;Move3500;TWE-31310403C;1,93237E+23;;ORANGE;8923.7022.0092.8046.6274
617;SENS ET CO ;BONAPRISO;DOUALA;EBEN DAVID;;18/06/2021;CM899201;iWL220;IWL221-01T2194A;17073WL25896464;;ORANGE;8923,7021,8041,8052,4268
